"";"kolarstwo1";"kolarstwo2";"kolarstwo3";"kolarstwo4";"muzyka1";"muzyka2";"muzyka3";"muzyka4";"Pi³kaNo¿na1";"Pi³kaNo¿na2";"Pi³kaNo¿na3";"Pi³kaNo¿na4";"SprzêtElektroniczny1";"SprzêtElektroniczny2";"SprzêtElektroniczny3";"SprzêtElektroniczny4";"Szachy1";"Szachy2";"Szachy3";"Szachy4"
"absolutny";0;1;0;1;0;1;0;0;0;0;0;0;0;0;0;0;0;0;0;0
"adaptacja";0;4;0;1;0;0;0;0;0;0;0;0;0;0;0;0;0;0;0;0
"akt";0;0;0;0;0;0;1;2;0;0;0;0;0;0;0;0;0;0;0;1
"aktualny";0;0;0;0;0;0;0;0;0;0;1;0;1;1;0;0;0;0;0;0
"akumulator";0;0;0;0;0;0;0;0;0;0;0;0;0;0;6;1;0;0;0;0
"akurat";0;0;1;0;0;0;0;0;0;0;0;0;1;0;0;0;0;0;0;0
"albert";0;0;0;0;0;0;0;0;0;0;0;1;0;0;0;0;1;0;0;0
"amator";3;0;2;0;0;1;0;0;0;0;0;0;0;0;0;0;0;0;0;0
"ambitny";0;1;2;0;0;0;0;0;0;0;0;0;0;0;0;0;0;0;0;0
"amerykañski";0;0;0;0;0;0;0;1;0;0;0;0;0;0;0;0;0;0;0;1
"analizuj¹c";0;0;0;0;0;1;0;1;0;0;0;0;0;0;0;0;0;0;0;0
"angielski";0;0;0;0;0;0;1;0;1;0;0;0;0;0;0;0;0;0;0;0
"ani¿eli";0;0;0;0;0;0;0;1;0;0;0;0;0;0;0;0;0;0;0;1
"aplikacja";0;0;0;0;0;0;0;0;0;0;0;0;0;0;1;0;0;1;0;0
"artykulacja";0;0;0;0;0;0;1;2;0;0;0;0;0;0;0;0;0;0;0;0
"artyku³";0;0;1;0;0;0;0;1;1;0;0;0;0;0;0;0;0;0;0;0
"aspekt";0;0;0;2;0;0;0;1;1;0;0;1;0;0;0;0;2;0;0;1
"association";0;0;0;0;0;0;0;0;1;0;1;0;0;0;0;0;0;0;0;0
"atmosfera";0;0;0;0;0;0;0;0;0;1;0;1;0;0;0;0;0;0;0;0
"autentyczny";0;0;0;0;1;0;0;1;0;0;0;0;0;0;0;0;0;0;0;0
"auto";0;0;0;0;0;0;0;0;0;1;0;0;0;0;1;0;0;0;0;0
"badacz";0;0;0;0;0;0;1;0;0;0;0;0;0;0;0;0;5;0;0;0
"badanie";1;3;0;1;0;1;0;1;0;0;0;0;0;0;0;0;7;0;0;1
"bardziej";2;3;0;1;1;0;3;4;1;0;0;0;1;1;0;2;2;0;2;2
"barwy";0;0;0;0;0;0;0;0;0;0;1;0;0;0;0;1;0;0;0;0
"bateria";0;0;0;1;0;0;0;0;0;0;0;0;0;0;1;0;0;0;0;0
"baza";1;0;2;0;0;0;0;0;0;0;0;0;0;0;0;0;0;0;0;0
"b¹dŸ";0;0;0;0;0;0;0;1;0;3;0;0;0;0;0;0;0;0;0;1
"beethovena";0;0;0;0;0;2;2;1;0;0;0;0;0;0;0;0;0;0;0;0
"bezpieczny";0;1;0;0;0;0;0;0;0;0;0;0;0;0;1;0;0;0;0;0
"bezpoœredni";0;0;0;0;0;0;0;0;0;0;0;0;0;0;4;1;0;0;0;0
"bêd¹c";0;0;0;0;0;1;1;0;0;0;0;0;0;0;0;0;0;0;0;0
"bêdê";0;0;0;0;0;0;0;0;0;0;0;0;0;1;0;1;0;0;0;0
"bêdziemy";0;2;1;2;0;0;0;0;0;0;0;0;0;0;0;0;0;1;0;0
"bidon";0;0;1;1;0;0;0;0;0;0;0;0;0;0;0;0;0;0;0;0
"biegaæ";0;1;0;1;0;0;0;0;0;0;0;0;0;0;0;0;0;0;0;0
"bior¹c";1;0;0;0;0;0;1;0;0;0;0;0;0;0;0;0;0;0;0;0
"bliski";0;0;0;0;0;0;0;0;0;0;0;1;0;0;0;0;0;1;0;1
"bli¿ej";0;0;0;0;0;0;0;0;1;2;0;0;0;0;0;0;0;0;0;0
"b³¹d";1;0;3;0;0;0;0;0;0;0;0;0;0;0;0;0;0;1;1;0
"b³yskawiczny";0;3;0;0;0;0;0;0;0;0;0;0;1;1;0;0;0;10;0;0
"b³yszczeæ";0;0;0;0;0;0;0;0;0;0;0;0;0;0;1;1;0;0;0;0
"bodziec";1;0;0;0;0;0;0;0;0;0;0;0;0;0;0;0;1;1;0;0
"boisko";0;0;0;0;0;0;0;0;2;10;2;1;0;0;0;0;0;0;0;0
"bóg";0;0;0;0;1;2;0;0;0;0;2;0;0;0;0;0;0;0;0;0
"braæ";0;0;0;0;0;0;1;0;0;0;0;0;0;0;0;0;0;0;0;1
"brak";2;0;0;2;0;0;0;0;0;0;0;0;0;0;0;0;0;0;0;0
"bramka";0;0;0;0;0;0;0;0;1;5;0;3;0;0;0;0;0;0;0;0
"brzmieæ";0;0;0;0;1;0;0;0;0;0;0;0;0;0;0;0;0;0;0;1
"budowaæ";1;0;1;1;0;0;0;0;0;0;0;0;0;0;0;1;0;0;0;0
"buta";0;0;0;1;0;1;0;0;0;0;0;0;0;0;0;0;0;0;0;0
"byæ";0;0;0;0;0;0;2;2;1;0;0;1;0;0;0;1;0;0;0;0
"cage";0;0;0;0;0;0;1;0;0;0;0;0;0;0;0;0;1;0;0;0
"ca³kowity";0;1;0;0;0;0;1;0;0;0;0;0;1;0;1;0;0;0;0;0
"ca³oœæ";0;0;0;0;1;0;0;1;0;0;0;0;0;0;0;0;0;0;0;0
"ca³y";2;0;0;2;0;1;2;0;4;0;3;1;2;3;2;0;0;2;1;0
"cech";0;0;1;1;0;0;0;2;0;0;0;0;0;0;0;0;0;0;0;1
"cecha";0;0;0;1;0;0;0;2;0;0;0;0;0;0;0;0;0;0;0;0
"cechowaæ";0;0;0;1;0;1;0;0;0;0;0;0;0;0;0;0;0;0;0;0
"cel";3;2;1;1;0;2;2;6;2;1;0;0;1;0;1;1;0;1;1;0
"cela";0;0;1;1;0;1;0;0;0;0;0;0;0;0;0;0;0;0;0;0
"centralny";0;0;0;0;0;0;1;1;0;0;0;1;0;0;0;0;0;0;0;0
"centrum";0;0;0;0;0;0;0;0;0;0;0;0;0;0;0;0;0;1;0;1
"charakter";1;0;0;1;1;0;1;2;0;0;0;2;0;0;0;0;0;0;0;0
"chc¹c";1;0;0;0;0;0;0;1;0;0;0;0;0;0;0;0;0;0;0;0
"chcieæ";0;1;5;1;0;0;1;1;0;0;0;0;1;10;0;0;0;1;2;1
"chêæ";0;0;0;0;0;0;0;0;0;0;0;0;0;0;0;1;0;0;0;1
"china";0;0;0;0;0;1;0;0;0;0;0;0;1;0;0;0;0;0;0;0
"chocia¿";0;1;0;0;0;0;0;0;0;0;0;0;1;0;0;0;0;0;1;0
"chodziæ";0;0;0;0;2;2;3;0;0;0;0;0;0;3;0;0;0;2;0;0
"chwila";0;0;0;0;0;0;1;0;0;0;0;0;0;1;0;0;0;0;1;0
"chwilê";0;0;0;0;0;0;0;0;0;0;0;1;0;0;1;0;0;0;0;0
"cia³o";8;3;0;1;0;2;0;1;0;0;0;0;0;0;1;0;0;0;0;0
"ci¹g";0;3;0;0;0;0;1;0;0;0;0;0;0;0;0;2;0;0;0;0
"ci¹g³y";0;0;0;1;0;0;0;0;0;0;0;0;1;0;0;0;1;0;0;0
"ci¹gn¹æ";0;0;0;0;0;0;0;0;0;0;0;0;0;1;0;0;0;1;0;0
"ciekawe";0;1;0;0;0;1;0;0;0;0;0;0;0;0;0;2;0;0;0;0
"ciekawostka";0;0;0;0;0;3;0;0;0;0;0;0;0;0;0;1;0;0;0;0
"cienki";0;0;0;0;0;0;0;0;0;0;0;0;0;0;1;1;0;0;0;0
"ciep³y";0;0;2;0;0;0;0;0;0;0;0;0;0;0;3;0;0;0;0;0
"cierpliwy";0;0;0;0;0;0;0;0;0;0;0;0;1;1;0;0;0;0;0;0
"cieszyæ";0;0;1;0;0;0;1;0;1;0;0;0;0;0;0;0;0;2;0;1
"ciê¿ki";0;1;0;0;0;0;0;0;0;0;0;0;1;0;0;2;0;0;0;0
"club";0;0;0;0;0;0;0;0;1;0;1;0;0;0;0;0;0;0;0;0
"codzienny";0;0;0;0;0;0;1;0;0;0;0;0;0;0;0;0;0;0;0;1
"cup";0;0;0;0;0;0;0;0;1;0;1;0;0;0;0;0;0;0;0;0
"cykl";0;0;0;1;0;0;0;0;0;0;0;1;0;0;0;0;0;0;0;0
"cytat";0;0;0;0;0;0;0;0;0;0;0;1;0;0;0;0;0;0;0;1
"czarna";0;0;0;0;0;1;0;0;0;0;0;0;0;0;1;0;0;0;0;0
"czarowaæ";0;0;0;0;0;0;0;0;1;0;1;0;0;0;0;0;0;0;0;0
"czas";3;9;2;1;1;5;2;2;0;1;0;0;3;4;2;2;1;1;0;1
"czasem";0;1;0;0;0;1;0;1;1;0;0;0;0;0;2;0;0;0;0;0
"czasowy";0;0;0;1;0;0;1;1;0;0;0;0;0;0;0;0;0;0;0;0
"czasów";0;0;0;0;2;3;2;0;0;0;0;0;0;0;0;0;1;0;0;0
"czczy";1;0;0;1;0;0;0;0;0;0;0;0;0;0;0;0;0;0;0;0
"czego";0;0;0;0;0;0;1;0;0;1;1;1;0;0;0;0;0;0;0;0
"czegoœ";0;0;0;0;0;0;2;0;0;0;0;0;0;0;0;0;1;0;0;0
"czekaæ";0;0;0;1;0;0;0;0;0;0;0;1;1;6;0;0;0;1;0;0
"czemu";0;1;0;0;0;0;1;0;0;0;0;1;1;1;0;0;0;0;0;0
"czerpaæ";0;0;2;1;0;0;0;0;0;0;0;0;0;1;0;0;0;0;0;1
"czerwony";0;0;0;0;0;1;0;0;0;3;1;0;0;0;0;0;0;0;0;0
"czêœciej";0;0;1;0;0;1;0;0;0;0;0;0;0;1;0;0;0;0;0;0
"czêœæ";1;2;0;2;0;2;2;2;0;0;0;1;1;0;0;1;0;0;0;2
"cz³owiek";0;0;1;0;3;1;0;0;0;0;0;0;0;0;0;0;1;0;1;0
"czo³owy";0;0;0;0;0;2;0;0;0;0;1;0;0;0;0;0;0;0;0;0
"cztery";0;0;0;0;1;1;0;0;0;0;0;0;0;0;0;0;0;1;0;0
"czym";0;1;1;2;0;1;1;0;2;1;0;0;4;1;0;1;1;0;0;0
"czyniæ";0;1;0;1;0;0;5;0;0;0;0;0;0;0;0;0;0;0;0;1
"czynnik";0;0;0;1;0;0;0;1;0;0;0;0;0;0;2;0;0;0;1;0
"czysta";0;0;0;0;0;1;0;1;0;0;0;0;0;0;0;0;0;0;0;0
"czysty";0;0;0;0;0;0;1;0;0;1;1;0;0;0;0;0;0;0;0;0
"æwiczenia";0;7;0;1;0;0;0;0;0;0;0;0;0;0;0;0;1;0;1;0
"æwiczeñ";0;4;1;0;0;0;0;0;0;0;0;0;0;0;0;0;0;0;0;0
"æwiczyæ";0;1;0;0;0;0;0;0;0;0;0;0;0;0;0;0;1;0;0;0
"daæ";0;0;0;0;0;0;0;0;0;0;0;0;0;1;0;0;0;1;0;0
"dalszy";0;4;0;1;0;0;1;2;0;1;0;0;0;0;0;0;0;0;1;1
"daniel";0;0;0;0;0;0;0;0;0;0;0;0;0;0;0;0;1;1;0;0
"dany";0;0;0;0;0;0;2;6;0;1;1;0;0;0;1;0;0;0;0;0
"dark";0;0;0;0;0;0;0;0;0;0;0;0;0;1;0;1;0;0;0;0
"dawaæ";0;0;0;0;0;0;0;0;0;0;0;0;0;2;1;0;0;1;1;1
"decydowaæ";0;1;0;0;0;0;0;1;0;0;0;0;0;0;0;0;0;1;0;0
"decyzja";0;1;1;0;0;0;0;0;0;0;0;0;0;0;0;0;1;0;1;1
"definicja";0;0;0;0;0;0;1;0;0;1;0;0;0;0;0;0;0;0;0;0
"definiowaæ";0;0;0;0;0;0;0;0;0;1;0;0;0;0;0;0;1;0;0;0
"dieta";19;0;0;2;0;0;0;0;0;0;0;0;0;0;0;0;0;0;0;0
"dlaczego";0;1;0;0;0;1;0;0;0;0;0;0;0;1;0;1;2;0;0;0
"dlatego";1;2;0;0;0;0;2;0;0;0;0;1;0;2;0;1;0;1;1;1
"d³ugi";0;2;1;4;2;0;0;0;0;0;0;0;0;1;0;1;1;1;1;0
"d³ugoœæ";0;0;1;1;0;0;0;0;0;1;0;0;0;0;0;0;0;0;0;0
"d³ugotrwa³y";2;1;0;2;0;0;0;0;0;0;0;0;0;0;0;0;0;0;1;0
"d³u¿szy";0;0;1;3;0;0;0;0;0;0;0;0;0;1;0;0;0;0;0;0
"dnia";0;0;0;0;0;0;0;0;1;0;1;0;1;1;0;0;0;1;0;1
"doba";0;0;0;0;0;0;1;0;0;0;0;0;0;0;0;1;0;0;0;0
"dobra";0;0;0;1;0;0;0;0;0;0;0;0;0;1;0;0;0;0;1;0
"dobre";0;1;0;1;0;0;0;0;0;0;0;0;0;0;0;0;0;0;1;1
"dobry";4;1;3;2;0;0;0;0;0;0;0;0;0;0;0;0;0;0;3;1
"dochodziæ";1;0;1;0;0;0;1;0;0;0;0;0;1;2;0;0;0;0;0;0
"dodaæ";0;0;0;1;0;1;1;0;0;0;0;0;0;0;0;0;0;0;0;0
"dodatek";0;0;0;0;0;0;0;0;0;0;0;1;0;3;0;0;0;0;0;0
"dodatkowy";0;0;0;0;0;0;0;0;0;1;1;0;0;0;3;3;0;2;0;2
"dodawaæ";1;0;0;0;0;0;0;0;0;0;0;0;0;0;0;0;2;1;0;0
"dojœæ";0;0;0;0;0;0;1;1;0;0;1;0;1;0;4;0;0;0;0;0
"dok³adny";0;0;0;0;0;1;3;0;0;0;0;0;1;0;0;0;0;0;0;0
"dokonaæ";0;0;0;0;1;1;0;0;1;1;0;0;0;0;0;0;0;0;0;0
"do³¹czyæ";0;0;0;0;1;0;0;0;0;0;0;0;1;0;0;0;0;0;0;0
"dominik";0;0;0;0;0;0;0;0;0;0;0;0;0;0;0;0;0;0;1;1
"dominowaæ";0;2;0;0;1;0;0;0;0;0;0;1;0;0;0;0;0;0;1;0
"doniesienie";0;0;0;0;0;0;0;0;0;0;0;0;1;0;0;0;1;0;0;0
"dopasowaæ";1;0;0;0;0;0;0;1;0;0;0;0;0;0;0;0;0;0;0;0
"dopiero";0;3;0;0;0;0;0;0;0;0;0;0;3;0;0;0;0;0;0;0
"doprowadziæ";1;0;1;2;0;0;0;1;0;0;0;0;0;0;4;0;0;0;0;0
"dostaæ";0;0;0;0;0;0;0;0;0;1;1;0;0;0;0;1;0;0;1;0
"dostarczaæ";3;1;0;0;0;0;0;0;0;0;0;0;0;2;0;0;0;0;0;0
"dostarczyæ";3;1;0;0;0;0;0;0;0;0;0;0;1;4;0;0;0;0;0;0
"dostawa";0;4;0;0;0;0;0;0;0;0;0;0;1;0;0;0;0;0;0;0
"dostêpnoœæ";3;0;0;0;0;0;0;0;0;0;0;0;6;0;0;0;0;0;0;0
"dostêpny";0;6;0;0;1;0;0;0;0;0;0;0;1;0;0;0;0;0;0;0
"doœæ";3;1;0;0;0;0;0;0;0;0;0;0;1;0;0;0;0;0;0;0
"doœwiadczenie";0;0;0;0;0;0;0;1;0;0;0;0;0;2;0;0;0;1;0;0
"dotrzeæ";0;0;0;0;0;0;0;0;0;0;1;0;1;2;0;0;0;0;0;0
"dotyczyæ";1;1;1;0;0;0;0;4;0;0;1;0;0;0;0;0;0;0;0;0
"dowiedzieæ";0;0;0;0;0;1;1;0;0;0;0;0;0;0;0;1;0;0;0;0
"dowodziæ";0;0;0;0;0;0;0;0;0;0;0;0;0;0;0;0;1;1;0;0
"drastyczny";0;0;1;0;0;0;0;0;0;0;0;0;0;0;0;1;0;0;0;0
"droga";0;1;0;0;1;0;0;0;1;0;1;1;0;0;1;0;0;0;0;0
"drugi";0;1;2;0;0;0;9;3;0;0;2;0;5;2;0;1;0;0;0;0
"dru¿yna";0;0;0;0;0;0;0;0;4;11;6;4;0;0;0;0;0;0;0;0
"durowy";0;0;0;0;0;1;0;1;0;0;0;0;0;0;0;0;0;0;0;0
"du¿y";10;3;1;3;0;2;0;0;1;0;0;3;1;6;0;4;0;2;0;0
"dwa";0;0;1;1;0;0;1;0;0;0;1;0;0;0;0;1;0;1;1;0
"dwaj";0;0;0;0;1;0;0;0;0;0;0;0;0;0;0;0;0;0;1;0
"dwie";0;0;0;0;0;1;0;0;0;2;0;0;0;0;0;0;0;1;0;0
"dwóch";1;0;0;0;0;0;0;0;0;0;0;1;0;0;0;0;0;0;1;0
"dyktowaæ";0;0;0;0;0;0;0;0;0;2;0;0;0;0;0;0;0;0;1;0
"dynamiczny";0;0;0;0;0;0;1;0;0;0;0;0;1;0;0;0;0;0;0;0
"dynamika";0;0;0;0;0;0;0;1;0;0;0;1;0;0;0;0;0;0;0;0
"dyscyplina";0;1;0;1;0;0;1;0;3;0;0;0;0;0;0;0;0;0;0;1
"dyskomfort";0;0;0;1;0;0;0;0;0;0;0;1;0;0;0;0;0;0;0;0
"dyskurs";0;0;0;0;0;0;5;2;0;0;0;0;0;0;0;0;0;0;0;0
"dyskusja";0;0;0;0;0;0;1;2;0;0;0;0;0;0;0;0;0;0;0;1
"dyspozycja";0;1;2;0;0;0;0;0;0;0;0;0;0;0;0;0;0;0;0;0
"dystans";0;2;0;17;0;0;0;0;0;1;0;0;0;0;0;0;0;0;0;0
"dzia³a";0;0;0;0;0;0;1;0;0;0;0;0;1;0;1;0;0;0;0;0
"dzia³aæ";0;0;0;0;0;0;1;0;0;0;0;0;1;0;2;0;0;0;0;0
"dzia³anie";0;2;0;0;0;0;1;2;0;0;0;0;0;0;6;0;1;0;1;1
"dzieci";0;0;0;0;0;1;0;0;0;0;0;2;0;0;1;0;6;0;1;6
"dziecko";0;0;0;0;0;0;0;1;0;0;0;1;0;0;0;0;2;0;2;3
"dziedzina";0;1;0;0;0;0;2;1;0;0;0;0;0;0;0;0;0;0;0;0
"dzieje";0;0;0;0;0;1;0;1;0;0;0;0;1;0;1;0;0;0;1;0
"dzie³o";0;0;0;0;0;1;2;2;0;0;0;0;0;0;0;0;0;0;0;0
"dzieñ";0;1;4;1;0;0;0;0;0;0;0;1;1;1;2;0;0;0;0;0
"dziêki";1;3;0;0;1;1;1;2;1;0;0;1;0;0;0;1;0;0;5;2
"dzisiaj";0;0;0;0;2;0;0;0;0;0;0;0;3;0;0;0;0;0;0;0
"dzisiejszy";1;0;0;0;0;0;0;1;0;0;0;0;1;0;0;0;0;0;0;1
"dziœ";0;0;0;0;0;2;0;0;2;0;2;0;0;0;0;0;0;0;0;0
"dŸwiêk";0;0;0;0;4;5;0;2;0;0;0;0;0;0;0;0;0;0;0;0
"edukacja";0;0;0;0;0;0;0;0;0;0;0;1;0;0;0;0;0;0;0;1
"efekt";0;1;1;0;0;0;2;4;0;0;0;0;0;0;0;0;0;0;0;2
"efektywnoœæ";0;1;0;1;0;0;0;0;0;0;0;0;0;0;0;0;0;0;0;0
"efektywny";0;2;2;3;0;0;0;0;0;0;0;0;0;0;0;0;1;0;0;0
"egipcie";0;0;0;0;1;1;0;0;0;0;0;0;0;0;0;0;0;0;0;0
"ekonomika";0;1;0;6;0;0;0;0;0;0;0;0;0;0;0;0;0;0;0;0
"ekran";0;0;0;0;0;0;0;0;0;0;0;0;0;1;0;2;0;0;0;0
"ekspresja";0;0;0;0;0;0;2;1;0;0;0;0;0;0;0;0;0;0;0;0
"ekstremalny";0;0;0;0;0;0;0;0;0;0;0;0;0;0;1;1;0;0;0;0
"elektroniczny";0;0;0;0;0;1;0;0;0;0;0;0;0;1;1;0;0;0;0;0
"element";0;2;0;1;1;0;0;1;0;0;0;0;0;1;1;1;0;0;0;0
"eliminacja";0;1;0;0;0;0;0;0;0;0;1;0;0;0;0;0;0;0;0;0
"eliminacyjny";1;0;0;0;0;0;0;0;0;0;1;0;0;0;0;0;0;0;0;0
"emocja";0;0;0;0;1;0;0;1;0;0;0;2;0;7;0;0;1;0;0;0
"emocjonalny";0;0;0;0;0;1;1;0;0;0;0;0;0;0;0;0;2;0;0;1
"energetyczny";6;2;0;0;0;0;0;0;0;0;0;0;0;0;0;0;0;0;0;0
"energia";7;3;0;5;0;0;0;0;0;0;0;0;0;0;1;0;0;0;0;0
"estetyczny";1;0;0;0;0;0;1;0;0;0;0;0;0;0;0;0;0;0;0;0
"etap";2;1;0;0;0;0;0;0;0;0;0;1;0;0;0;0;1;0;0;0
"europ";0;0;0;0;0;0;0;0;0;0;3;0;0;0;0;1;0;9;0;0
"europejski";0;0;0;0;1;0;2;0;0;0;3;0;1;0;0;1;0;2;0;0
"fakt";1;1;0;0;0;0;1;1;0;0;1;0;0;1;0;0;2;1;0;1
"fan";0;0;0;0;0;0;0;0;4;0;0;0;0;1;0;0;0;0;0;0
"federacja";0;0;0;0;0;0;0;0;0;0;4;0;0;0;0;0;0;1;0;2
"fenomen";0;0;0;0;0;0;0;0;1;0;0;0;0;1;0;0;0;0;0;0
"fifa";0;0;0;0;0;0;0;0;1;1;2;0;0;0;0;0;0;0;0;0
"film";0;0;0;0;0;2;0;0;0;0;0;0;0;1;0;0;0;0;0;0
"filozoficzny";0;0;0;0;1;0;1;0;0;0;0;0;0;0;0;0;0;0;0;0
"finale";0;0;0;0;0;0;0;0;0;0;1;3;0;0;0;0;0;0;0;0
"fina³";0;0;0;0;0;0;0;0;0;0;2;3;0;0;0;0;0;1;0;0
"fina³owy";0;0;0;1;0;0;0;0;0;0;0;2;0;0;0;0;0;0;0;0
"finansowy";0;0;0;0;0;0;0;0;0;0;0;0;1;0;0;0;0;1;0;0
"firma";0;0;0;0;0;1;0;0;0;0;0;0;1;0;0;1;0;1;0;0
"fizjologia";0;5;0;1;0;0;0;0;0;0;0;0;0;0;0;0;0;0;0;0
"fizyczny";3;7;3;1;0;0;0;0;0;0;0;0;0;0;0;0;0;0;0;1
"flet";0;0;0;0;2;3;0;0;0;0;0;0;0;0;0;0;0;0;0;0
"football";0;0;0;0;0;0;0;0;2;0;2;7;0;0;0;0;0;0;0;0
"forma";2;2;2;0;0;6;1;0;0;0;0;0;0;0;0;0;0;0;0;1
"formia";2;0;0;0;0;1;2;0;2;0;2;0;0;0;0;0;0;0;0;0
"fragment";0;0;0;0;0;2;0;2;0;0;0;0;0;0;0;1;0;0;0;0
"freda";0;0;0;0;0;1;0;1;0;0;0;0;0;0;0;0;0;0;0;0
"ftp";0;0;2;1;0;0;0;0;0;0;0;0;0;0;0;0;0;0;0;0
"funkcja";1;1;0;0;0;1;0;6;0;0;0;0;0;0;0;2;0;0;0;0
"funkcjonowaæ";0;0;0;1;0;0;0;4;0;0;0;0;0;0;0;0;0;0;1;0
"futbol";0;0;0;0;0;0;0;0;4;0;3;1;0;0;0;0;0;0;0;0
"gen";0;0;0;0;0;0;1;0;0;0;0;0;0;0;0;1;0;0;0;0
"generacja";0;0;0;0;0;0;0;0;0;0;0;0;0;4;0;7;0;0;0;0
"generowaæ";0;1;0;1;0;0;1;0;0;0;0;0;0;0;0;0;0;0;0;0
"glikogen";6;1;0;1;0;0;0;0;0;0;0;0;0;0;0;0;0;0;0;0
"g³êboki";0;0;0;5;0;0;1;0;0;0;0;0;0;0;0;0;0;0;0;0
"g³os";0;0;0;0;0;2;0;2;0;0;0;0;0;0;0;0;0;0;0;0
"g³owa";0;0;0;1;0;1;0;0;0;0;1;0;0;0;1;0;0;0;0;0
"g³ówny";5;0;2;2;1;3;0;1;0;0;0;0;0;0;0;1;1;1;0;0
"godzina";0;0;2;9;0;1;0;0;0;0;0;0;0;0;0;2;1;0;0;0
"godzinny";0;0;2;2;0;0;0;0;0;0;0;0;0;0;0;0;0;0;0;0
"gorszy";0;0;0;0;0;0;0;0;0;0;0;0;1;0;1;0;0;0;0;0
"góra";0;0;2;0;1;0;0;0;0;0;0;0;0;0;0;0;0;0;0;0
"górny";0;0;0;1;0;0;0;0;0;0;0;0;0;0;0;0;0;1;0;0
"gra";0;0;0;0;1;0;1;0;5;5;0;3;0;10;0;0;21;4;7;6
"gracz";0;0;0;0;0;0;0;0;0;0;0;0;5;2;0;0;1;1;3;2
"graæ";0;0;0;0;3;0;0;0;2;1;1;0;0;1;0;0;3;2;4;0
"graficzny";0;0;0;0;0;0;0;0;0;0;0;0;16;0;1;0;0;0;0;0
"graja";0;0;0;0;0;1;0;0;0;0;0;0;0;0;0;0;0;0;0;1
"gram";0;0;0;0;0;0;0;0;0;1;0;0;0;0;0;0;0;1;0;0
"granica";3;0;0;1;0;0;0;0;1;0;0;0;0;0;0;0;0;0;0;0
"granie";0;0;0;0;0;0;0;0;0;0;0;0;0;0;1;0;0;1;0;2
"grano";0;0;0;0;0;1;0;0;1;0;0;1;0;0;0;0;0;0;0;0
"grecji";0;0;0;0;7;1;0;0;0;0;0;0;0;0;0;0;0;0;0;0
"grecki";0;0;0;0;4;0;1;0;0;0;0;0;0;0;0;0;0;0;0;0
"grono";0;0;0;0;0;0;0;0;0;0;0;0;0;1;0;0;0;0;0;1
"grudzieñ";0;0;3;0;0;0;0;0;0;0;0;0;1;0;0;0;0;1;0;0
"grupa";0;1;5;3;1;2;0;1;0;0;0;0;0;1;0;5;3;0;0;2
"grywaæ";0;0;0;0;0;0;0;0;0;0;0;0;0;1;0;0;0;0;1;0
"gwiazda";0;0;0;0;0;1;0;0;1;0;3;0;0;0;0;0;0;0;0;0
"harmonia";0;0;0;0;2;1;0;0;0;0;0;0;0;0;0;0;0;0;0;0
"historia";0;0;0;0;1;13;3;0;3;0;4;0;0;1;0;0;2;0;0;0
"historyczny";0;0;0;0;0;0;1;1;0;0;0;0;0;0;0;0;0;0;0;0
"hymn";0;0;0;0;1;2;0;0;0;0;0;0;0;0;0;0;0;0;0;0
"idzie";0;0;0;0;0;0;1;0;0;0;0;0;1;0;0;0;0;0;0;0
"iloœæ";12;1;1;1;0;0;0;0;0;0;0;0;1;0;0;0;0;0;1;0
"imiê";0;0;0;0;1;0;0;0;1;0;0;0;0;0;0;0;0;0;0;0
"impreza";0;0;0;1;0;0;0;0;0;0;0;1;0;0;0;0;0;5;0;0
"inaczej";0;1;0;0;1;0;0;0;0;0;0;0;1;1;1;1;0;0;0;0
"indywidualny";1;1;2;0;0;0;0;0;1;0;0;0;0;0;0;0;1;0;0;0
"informacja";0;0;0;0;0;1;0;1;0;0;0;0;2;0;0;1;0;0;0;0
"inny";1;0;2;2;2;1;6;3;3;0;2;2;1;1;0;1;4;0;1;3
"instruktor";0;0;0;0;0;0;0;0;0;0;0;0;0;0;0;0;0;0;1;1
"instrument";0;0;0;0;11;9;0;0;0;0;0;0;0;0;0;0;1;0;0;0
"intelektualny";0;0;0;0;0;0;0;0;0;0;0;0;0;0;0;0;2;0;0;1
"inteligencja";0;0;0;0;0;0;0;0;0;0;0;0;0;0;0;0;5;0;0;1
"intensywnoœæ";4;10;3;0;0;0;0;0;0;0;0;0;0;0;0;0;0;0;0;0
"intensywny";1;3;0;0;0;0;0;0;0;0;0;0;0;0;1;0;1;0;0;0
"internet";0;0;0;0;0;0;0;0;0;0;0;0;0;1;0;0;0;2;0;2
"internetowy";0;0;0;0;0;1;0;0;0;0;0;0;0;0;0;0;0;1;0;0
"interwa³";0;1;0;0;2;0;0;0;0;0;0;0;0;0;0;0;0;0;0;0
"interwa³owy";1;1;0;0;0;0;0;0;0;0;0;0;0;0;0;0;0;0;0;0
"istnieæ";2;0;0;0;2;1;6;4;0;0;2;0;0;0;0;0;0;0;0;0
"istocie";0;0;0;0;0;0;0;1;1;0;0;0;0;0;0;0;0;0;0;0
"istota";0;0;0;0;0;0;1;0;0;0;0;1;0;0;0;0;0;0;0;0
"istotny";1;1;2;4;0;0;1;1;0;0;0;0;0;0;0;0;1;0;1;1
"itd";0;0;0;0;0;0;2;0;0;0;0;0;0;1;0;0;0;0;0;0
"jaka";1;0;0;0;0;0;0;1;1;0;0;0;0;0;0;0;0;0;0;0
"jakby";0;1;0;0;0;0;0;0;0;0;0;0;1;0;0;0;0;0;0;0
"jaki";3;2;0;0;0;1;3;3;2;0;0;0;0;0;0;0;1;0;0;1
"jakieœ";1;0;0;0;0;0;0;0;0;0;0;0;1;0;0;0;0;0;0;0
"jakiœ";0;0;0;0;0;1;0;0;0;0;0;0;0;1;1;0;0;0;0;0
"jakoœæ";3;0;0;0;0;0;0;0;0;0;0;0;0;0;0;1;0;0;2;0
"jan";0;0;0;0;0;2;0;0;0;0;0;0;1;0;0;0;0;4;0;0
"jasne";0;0;0;0;0;0;0;0;0;0;0;0;0;1;1;0;0;0;0;0
"jazda";1;1;4;7;0;0;0;0;0;0;0;0;0;0;0;0;0;0;0;0
"jechaæ";0;0;2;2;0;0;0;0;0;0;0;0;0;0;0;0;0;0;0;0
"jeden";1;1;3;2;4;0;3;2;1;1;0;0;0;2;0;1;0;0;2;1
"jednaæ";1;0;0;0;1;0;1;0;0;0;0;0;0;0;0;0;0;0;0;0
"jednak¿e";1;0;0;0;0;0;1;0;0;0;0;0;0;0;0;0;0;0;0;0
"jednego";0;0;0;0;0;1;1;0;0;0;0;0;1;1;0;1;0;0;0;0
"jednoczesny";1;2;0;1;0;0;0;0;0;1;0;0;1;0;1;1;1;0;0;0
"jednostka";1;0;1;0;0;0;0;4;0;0;0;0;0;0;0;0;0;0;0;1
"jedyny";0;0;0;0;0;1;0;0;0;0;0;0;1;1;0;1;0;0;0;1
"jestem";0;1;0;0;0;0;0;0;0;0;0;0;0;0;0;0;0;1;0;0
"jesteœ";0;0;2;0;0;0;0;0;0;0;0;0;0;0;0;0;1;0;1;0
"jesteœmy";0;0;0;0;0;0;0;0;0;0;0;0;1;2;1;1;0;0;1;0
"jêzyk";0;0;0;0;1;1;2;0;0;0;0;0;0;0;0;0;1;0;0;0
"jêzykowy";0;0;0;0;0;0;5;0;0;0;0;0;0;0;0;0;3;0;0;0
"kadencja";0;0;0;1;0;0;0;2;0;0;0;0;0;0;0;0;0;0;0;0
"kaloria";0;0;2;1;0;0;0;0;0;0;0;0;0;0;0;0;0;0;0;0
"kariera";0;0;0;0;0;1;0;0;0;0;4;0;0;0;0;0;0;0;0;0
"karny";0;0;0;0;0;0;0;0;0;5;1;0;0;0;0;0;0;0;0;0
"karta";0;0;0;0;0;1;0;0;0;0;0;0;14;0;0;0;0;0;0;0
"kartka";0;0;0;0;0;0;0;0;0;6;1;0;0;0;0;0;0;0;0;0
"kategoria";0;0;0;0;0;0;5;0;0;0;0;2;0;0;0;0;0;0;0;0
"kibic";0;0;0;0;0;0;0;0;0;0;0;3;0;0;0;0;0;1;0;0
"kierowaæ";0;0;0;0;0;0;1;0;0;0;0;0;0;0;0;1;0;0;0;0
"kilka";1;2;0;1;0;1;1;0;0;0;1;0;1;3;1;0;0;0;0;0
"kilkanaœcie";0;0;0;0;0;0;0;0;0;0;0;0;1;0;0;1;0;0;0;0
"kilkoma";0;0;1;0;0;0;0;0;0;0;0;0;0;0;0;0;0;0;0;1
"kilogram";0;1;0;1;0;0;0;0;0;0;0;0;0;0;0;0;0;0;0;0
"klasycyzm";0;0;0;0;0;3;1;0;0;0;0;0;0;0;0;0;0;0;0;0
"klasyczny";0;0;0;0;0;2;3;0;0;0;0;0;0;0;0;2;0;2;0;0
"klient";0;0;0;0;0;0;0;0;0;0;0;0;2;0;0;2;0;0;0;0
"klubie";0;0;0;0;0;0;0;0;0;0;0;1;0;0;0;0;0;0;0;1
"klucz";0;0;1;1;0;0;0;0;0;0;0;0;0;0;0;0;0;0;0;0
"kluczowy";0;0;0;0;0;0;1;0;0;0;0;0;1;0;0;0;1;0;0;0
"kobieta";0;0;0;0;1;0;0;0;0;0;0;0;0;0;0;1;0;0;0;0
"kognitywny";0;0;0;0;0;0;1;1;0;0;0;0;0;0;0;0;0;0;0;0
"kolarstwo";2;2;0;2;0;0;0;0;0;0;0;0;0;0;0;0;0;0;0;0
"kolarz";9;3;1;5;0;0;0;0;0;0;0;0;0;0;0;0;0;0;0;0
"kolej";0;0;0;1;0;0;4;0;0;0;0;0;1;1;0;2;0;1;0;1
"kolejny";2;0;2;3;1;0;1;0;0;0;1;0;1;2;0;1;0;0;0;0
"kompozytor";0;0;0;0;0;6;1;0;0;0;0;0;0;0;0;0;0;0;0;0
"koncentracja";0;0;0;0;0;0;0;0;0;0;0;0;0;0;0;0;2;0;3;1
"koncepcja";0;0;0;0;1;0;0;1;0;0;0;0;0;0;0;0;0;0;0;0
"koniec";0;1;0;1;0;0;0;0;0;0;0;1;2;3;0;1;2;0;0;0
"koniecznoœæ";1;0;0;0;0;0;1;0;0;0;0;0;0;0;0;0;1;0;0;0
"konieczny";0;3;1;1;0;0;1;0;0;0;0;0;0;0;1;0;0;0;0;2
"konkretny";0;0;0;0;0;0;0;1;0;0;0;0;0;0;0;3;0;0;0;1
"konsekwencja";1;0;0;0;0;0;0;2;0;0;0;0;0;0;0;0;2;0;1;0
"konsekwentny";0;0;0;0;0;0;0;1;0;0;0;0;0;0;0;0;0;0;0;1
"kontakt";0;0;0;0;0;0;0;0;0;0;0;0;0;0;1;0;1;0;0;0
"kontrola";0;1;0;0;0;0;0;0;0;0;0;0;0;0;0;0;1;0;0;0
"kontuzja";0;1;0;3;0;0;0;0;0;0;0;0;0;0;0;0;0;0;0;0
"koñcowy";0;0;0;0;0;0;0;0;0;1;0;1;0;0;0;0;0;0;0;0
"koñcz¹c";1;0;0;1;0;0;0;0;0;0;0;0;0;0;0;0;0;0;0;0
"korzystaæ";0;1;0;5;0;0;0;0;0;0;0;0;0;0;2;0;0;1;0;0
"korzystny";0;2;1;0;0;0;0;0;0;0;0;0;0;0;1;0;0;0;0;0
"korzyœæ";1;0;0;0;0;0;0;0;0;0;0;0;0;0;0;0;5;0;0;6
"kosztowaæ";0;0;0;1;0;0;0;0;0;0;0;0;3;0;0;0;0;0;0;0
"kraj";0;0;0;0;0;0;0;0;1;0;4;0;0;0;0;0;0;0;0;5
"krajowy";0;0;1;0;0;0;0;0;1;0;3;0;0;0;0;0;0;0;0;0
"krew";0;4;0;0;0;0;0;0;0;0;0;0;0;0;0;0;0;0;1;0
"krok";0;0;0;0;0;0;0;2;0;0;0;0;0;0;1;0;0;0;0;0
"król";1;0;0;0;0;0;0;0;0;0;1;0;0;0;0;0;1;0;0;0
"królewski";0;0;0;0;0;1;0;0;0;0;1;0;0;0;0;0;0;0;1;2
"krótki";1;2;0;1;2;0;0;1;0;0;0;0;0;1;0;0;0;0;0;0
"krótkich";0;1;0;1;0;0;0;0;0;0;0;0;0;0;0;0;0;0;0;0
"krótkotrwa³y";0;1;0;0;0;0;0;1;0;0;0;0;0;0;0;0;0;0;0;0
"kryæ";0;0;0;0;0;0;0;1;0;0;0;0;0;0;0;0;0;0;1;0
"krytyczny";0;0;0;0;0;0;0;0;0;0;0;0;0;0;0;0;2;0;1;1
"krytyka";0;0;0;0;0;0;2;1;0;0;0;0;0;0;0;0;0;0;0;0
"kryzys";0;0;0;1;0;0;4;0;0;0;0;0;0;0;0;0;0;0;0;0
"ksi¹¿ka";0;0;0;0;0;0;0;0;1;0;0;0;0;0;0;0;1;0;0;0
"kszta³t";0;0;0;0;2;0;0;0;0;0;0;1;0;0;0;0;0;0;0;0
"kszta³towaæ";0;0;1;0;0;0;0;0;0;0;0;1;0;0;0;0;1;0;1;1
"ktoœ";0;0;0;0;0;0;1;0;0;0;0;0;0;0;0;0;0;1;0;0
"który";1;0;0;0;1;0;0;0;0;0;0;0;1;1;0;0;1;0;0;0
"kultura";0;0;0;0;2;1;1;0;1;0;0;0;0;0;0;0;0;0;0;0
"kulturowy";0;0;0;0;0;0;1;0;1;0;0;0;0;0;0;0;0;0;0;0
"kupowaæ";0;0;0;0;0;1;0;0;0;0;0;0;0;0;0;2;0;0;0;0
"kursy";0;0;0;0;0;0;0;0;0;0;0;0;1;0;0;0;1;0;0;0
"kwestia";1;1;1;1;0;0;0;0;0;0;0;0;1;0;0;0;0;0;0;0
"latach";0;0;0;0;0;1;0;0;1;0;0;0;0;1;0;0;0;0;0;0
"lato";0;0;0;0;0;0;0;0;0;0;1;0;0;0;1;0;0;0;0;0
"lekki";0;0;0;1;0;1;0;0;0;0;0;0;0;0;1;0;0;0;0;0
"lepiej";0;0;0;0;0;0;0;0;0;0;0;0;1;0;2;2;0;0;1;0
"lepsze";0;1;0;0;0;0;0;0;0;0;0;0;0;2;0;0;2;0;1;1
"lepszy";1;0;0;1;0;0;0;0;1;0;0;0;0;0;0;0;0;0;0;0
"lewandowski";0;0;0;0;0;0;0;0;1;0;1;0;0;0;0;0;0;0;0;0
"liczba";0;0;0;0;0;0;0;0;1;0;0;1;2;1;0;0;1;0;0;0
"liczny";0;0;0;0;1;1;0;0;0;0;0;0;0;0;0;0;0;0;0;0
"liczyæ";0;0;0;0;0;0;0;0;0;0;0;1;0;0;0;0;0;1;0;0
"linia";0;0;0;0;1;0;0;0;0;5;0;0;0;0;0;0;0;0;0;0
"lionel";0;0;0;0;0;0;0;0;1;0;1;0;0;0;0;0;0;0;0;0
"lira";0;0;0;0;6;2;0;0;0;0;0;0;0;0;0;0;0;0;0;0
"listopad";0;0;0;0;0;0;0;0;0;0;0;0;1;1;0;1;0;0;0;0
"litera";0;0;0;0;1;0;0;0;0;0;0;1;0;0;0;0;0;0;0;0
"logiczny";0;0;0;0;0;0;0;0;0;0;0;0;0;0;0;0;1;0;3;0
"logika";0;0;0;0;0;0;1;1;0;0;0;0;0;0;0;0;0;0;1;1
"lokalny";0;0;0;0;0;0;0;1;0;0;0;0;0;0;0;0;0;0;0;1
"lubiæ";0;0;1;0;0;0;1;0;0;0;0;0;0;0;0;0;1;2;0;0
"ludzi";0;0;1;1;0;0;0;0;2;0;0;0;1;2;0;0;0;0;2;1
"ludzie";0;0;0;0;0;2;0;0;0;0;0;0;0;0;0;0;0;0;0;2
"ludzki";0;0;0;1;0;1;1;0;0;0;0;0;0;0;0;0;0;0;0;0
"luty";0;0;3;0;0;0;0;1;0;0;0;0;1;0;0;0;0;0;0;0
"³adowaæ";0;0;0;0;0;0;0;0;0;0;0;0;0;0;4;2;0;0;0;0
"³adowanie";0;0;0;0;0;0;0;0;0;0;0;0;0;0;5;5;0;0;0;0
"³atwy";0;2;0;0;0;0;0;0;0;0;0;0;2;0;1;0;0;2;1;0
"³¹cznia";0;0;0;1;0;1;0;0;0;0;0;0;0;0;0;0;0;0;0;0
"³¹czyæ";0;0;0;0;1;0;0;0;2;0;0;0;0;1;0;0;0;0;0;0
"magazyn";1;0;0;0;0;0;0;0;0;0;0;0;1;0;0;0;0;0;0;0
"magiczny";0;0;0;0;0;1;0;0;0;0;0;0;1;0;0;0;0;0;0;0
"maj¹cych";0;0;0;1;0;0;0;0;0;0;0;0;0;0;0;0;1;0;0;0
"maksymalny";1;7;0;2;0;0;0;0;0;0;0;0;0;0;0;0;0;0;0;0
"ma³a";1;1;1;0;0;0;0;0;0;0;0;0;0;0;0;0;0;0;0;0
"ma³o";2;0;0;0;0;0;0;0;0;0;0;0;1;0;1;0;0;0;0;0
"mam";0;0;0;0;0;0;0;0;0;0;0;1;0;1;0;1;0;1;0;0
"marka";0;0;0;0;0;0;0;0;0;0;0;0;0;1;0;4;0;0;0;0
"marsz";0;0;0;1;0;2;0;0;0;0;0;0;0;0;0;0;0;0;0;0
"marzec";0;0;3;0;0;0;0;0;0;1;0;0;0;0;0;0;0;0;0;0
"marzyæ";0;0;0;0;0;1;0;0;1;0;0;0;0;0;0;0;0;0;0;0
"masa";12;1;0;0;0;0;0;0;0;1;0;0;0;0;0;0;0;0;0;0
"masz";0;0;1;0;0;0;0;0;0;0;0;0;0;0;0;0;1;0;0;0
"matematyka";0;0;0;0;1;0;0;0;0;0;0;0;0;0;0;0;0;0;0;3
"materia³";0;0;0;0;0;0;0;0;0;0;0;0;0;1;1;0;0;0;0;0
"mechanizm";0;11;0;0;0;0;3;0;0;0;0;0;0;0;0;0;0;0;0;0
"mecz";0;0;0;0;0;0;0;0;4;3;8;6;0;0;0;0;0;1;0;0
"medyczny";1;1;0;0;0;0;0;0;0;0;0;0;0;0;0;0;0;0;0;0
"melodia";0;0;0;0;4;0;0;1;0;0;0;0;0;0;0;0;0;0;0;0
"messi";0;0;0;0;0;0;0;0;1;0;1;0;0;0;0;0;0;0;0;0
"metabolizm";0;1;1;1;0;0;0;0;0;0;0;0;0;0;0;0;0;0;0;0
"metoda";3;1;0;0;0;0;0;0;0;0;0;0;0;0;0;0;0;0;0;0
"metrum";0;0;0;0;0;0;0;1;0;2;0;0;0;0;0;0;0;0;0;0
"mezopotamii";0;0;0;0;5;1;0;0;0;0;0;0;0;0;0;0;0;0;0;0
"mia³";0;0;0;0;0;0;0;0;0;0;0;1;2;1;0;0;1;0;0;0
"miano";0;0;0;0;0;2;1;0;0;0;0;0;0;0;0;0;0;1;0;0
"miara";0;2;0;0;0;1;0;0;0;0;0;0;0;1;0;0;0;0;0;0
"michael";0;0;0;0;0;1;0;0;0;0;0;0;0;0;0;1;0;0;0;0
"mieæ";0;0;1;0;1;2;1;1;0;1;0;1;3;1;1;0;0;0;0;0
"miejsce";0;0;1;0;0;1;6;1;0;0;2;1;1;0;4;0;1;1;1;1
"miejscowoœæ";0;0;0;0;0;1;0;0;0;0;0;2;0;0;0;0;0;0;0;0
"mieliæ";0;0;0;0;0;0;0;0;0;0;0;1;0;0;0;0;0;1;0;0
"mierzyæ";0;0;0;1;0;0;0;0;0;0;0;0;0;0;0;0;0;1;0;0
"miesi¹c";0;1;2;1;0;0;0;0;0;0;0;0;10;2;0;1;0;0;0;0
"miesiêczny";0;0;1;0;0;0;0;0;0;0;0;0;0;0;0;0;1;0;0;0
"miêdzy";1;1;0;0;1;1;9;1;1;1;0;0;1;0;0;0;4;0;0;1
"miêdzynarodowy";0;0;0;0;0;0;0;0;0;1;2;0;0;0;0;0;0;1;0;0
"miêsieñ";2;2;0;4;0;0;0;0;0;0;0;0;0;0;0;0;0;0;0;0
"miêsny";0;4;1;1;0;0;0;0;0;0;0;0;0;0;0;0;0;0;0;0
"miêœniowy";8;3;1;1;0;0;0;0;0;0;0;0;0;0;0;0;0;0;0;0
"milion";0;0;0;0;0;0;0;0;1;0;0;0;0;0;0;0;0;0;1;2
"min";1;3;0;2;0;0;1;1;0;0;0;0;0;0;0;1;0;3;0;0
"minimalny";0;1;1;0;0;0;0;0;0;0;0;0;0;0;0;0;0;0;0;0
"minuta";0;8;0;0;0;0;0;0;0;0;0;1;0;0;0;1;0;2;0;0
"minutowy";0;1;0;1;0;0;0;0;0;0;0;0;0;0;0;0;0;0;0;0
"mistrz";0;0;0;0;0;0;0;0;0;0;9;0;0;0;0;0;0;1;0;0
"mistrzostwa";0;0;0;0;0;0;0;0;1;0;7;4;0;0;0;0;0;11;0;0
"mitologia";0;0;0;0;1;1;0;0;0;0;0;0;0;0;0;0;0;0;0;0
"m³ody";0;0;0;0;0;0;0;0;0;0;0;0;0;0;0;1;0;0;3;1
"m³odzie¿";0;0;0;0;0;0;0;0;0;0;0;0;0;0;0;0;1;0;0;3
"mniej";0;1;0;2;0;0;4;0;0;1;0;0;4;0;0;1;0;0;0;0
"mniejszy";1;0;0;0;0;0;0;0;0;1;0;0;0;0;0;1;0;0;0;0
"mobilny";0;0;0;0;0;0;0;0;0;0;0;0;1;0;2;0;0;0;0;0
"moc";0;3;1;4;1;0;0;0;0;0;0;0;0;0;1;1;0;0;0;0
"mocno";0;0;0;1;0;0;0;1;0;0;0;0;0;0;0;1;0;0;0;0
"model";1;0;0;0;0;0;6;0;0;0;0;0;9;0;0;6;0;0;0;0
"mogli";0;0;0;1;0;0;0;0;1;0;0;0;1;0;0;0;0;0;0;0
"moim";0;0;1;1;0;0;0;0;0;0;0;2;0;0;0;0;0;1;0;0
"mojej";0;0;1;0;0;0;0;2;0;0;0;0;1;0;0;0;0;0;0;0
"moment";0;3;0;1;1;1;1;0;0;0;0;0;3;1;0;0;0;0;0;0
"moralnoœæ";0;0;0;0;0;0;0;0;0;0;0;1;0;0;0;0;1;0;0;0
"motor";0;0;0;0;0;0;0;0;0;0;1;0;0;0;0;0;1;0;0;0
"motywacja";0;1;0;0;0;0;0;2;0;0;0;0;0;0;0;0;0;1;0;0
"motywowaæ";0;0;0;0;0;0;0;0;0;0;0;1;0;0;0;0;1;0;0;1
"mozarta";0;0;0;0;0;2;1;0;0;0;0;0;0;0;0;0;0;0;0;0
"mo¿liwe";2;0;0;0;0;0;0;1;0;0;0;0;0;0;0;0;1;0;0;1
"mo¿liwoœæ";2;0;4;1;0;0;1;0;0;0;0;0;0;0;0;0;0;1;3;1
"mo¿liwy";0;0;0;2;0;0;0;2;0;0;0;0;1;0;0;2;0;0;0;0
"móc";1;1;5;3;2;2;1;9;0;0;0;2;4;3;2;2;0;0;4;1
"mówi¹c";0;1;0;2;0;0;1;0;0;0;0;0;1;1;0;1;0;0;0;0
"mówiæ";0;0;0;0;2;0;5;0;0;0;0;0;1;0;0;0;0;5;0;0
"musieæ";0;0;0;0;0;1;0;0;0;0;1;0;0;1;1;0;0;2;0;0
"muzyczny";0;0;0;0;8;11;1;8;0;0;0;0;0;0;0;0;0;0;0;0
"muzyka";0;0;0;0;21;49;1;4;0;0;0;0;0;1;0;0;0;0;0;0
"myœl";0;0;0;0;0;0;2;1;0;0;0;0;0;0;0;0;1;0;0;0
"myœleæ";0;0;0;2;0;0;0;0;0;0;0;1;1;0;0;0;4;0;4;1
"nadal";0;0;0;0;0;0;0;0;0;0;0;0;2;1;0;0;0;0;0;0
"nadmiar";1;0;0;0;0;0;0;0;0;0;0;0;0;0;2;0;0;0;0;0
"nadmierny";1;1;0;0;0;0;0;0;0;0;0;0;0;0;2;0;0;0;0;0
"najbardziej";0;1;1;2;1;1;0;0;0;0;3;0;0;1;0;2;0;4;0;3
"najbli¿szy";0;0;0;0;1;0;0;0;0;0;0;0;1;0;0;0;0;0;0;0
"najczêstszy";0;0;1;0;0;0;0;0;0;0;1;0;0;0;0;0;0;0;0;0
"najczêœciej";4;0;2;1;0;0;1;0;0;0;0;0;0;0;0;1;0;0;1;0
"najlepiej";1;0;0;0;0;0;0;0;0;0;0;0;1;0;3;1;0;0;0;0
"najlepszy";0;0;0;0;0;0;0;0;1;0;7;4;0;0;1;1;0;2;1;0
"najm³odszy";0;0;0;0;0;0;0;0;2;0;0;3;0;0;0;0;0;0;0;0
"najmniej";1;1;1;1;0;0;0;0;0;0;1;0;1;0;0;1;0;0;0;0
"najpopularniejszy";0;0;0;0;0;5;0;0;1;0;1;0;0;0;0;0;0;0;0;0
"najstarszy";0;0;0;0;1;1;0;0;1;0;0;0;0;0;0;0;0;1;1;0
"najwa¿niejszy";1;0;0;0;1;1;2;0;0;0;3;1;3;1;0;0;0;0;0;0
"najwiêcej";0;0;0;0;1;0;0;0;0;0;0;0;0;0;0;0;0;1;0;0
"najwiêkszy";2;1;0;0;0;1;0;0;1;0;1;2;2;0;0;1;1;0;0;0
"najwy¿szy";1;0;0;1;1;0;0;1;0;0;1;0;0;0;0;0;0;2;0;0
"nale¿eæ";0;0;1;0;1;0;2;0;0;1;0;0;0;0;0;0;0;0;0;0
"nale¿y";5;2;0;0;0;1;1;0;0;0;0;0;2;0;0;0;0;0;1;0
"napastnik";0;0;0;0;0;0;0;0;0;1;1;0;0;0;0;0;0;0;0;0
"napisaæ";0;0;0;0;0;0;0;0;0;0;0;0;0;1;1;0;0;0;0;0
"naprawdê";0;0;0;0;0;0;0;0;0;0;0;1;0;1;1;2;0;0;0;1
"narodziæ";0;0;0;0;0;2;1;0;1;0;0;0;0;0;0;0;0;0;0;0
"narracja";0;0;0;0;0;0;0;1;0;0;0;0;0;1;0;0;0;0;0;0
"narz¹d";0;1;0;0;0;0;1;0;0;0;0;0;0;0;0;0;0;0;0;0
"narzêdzie";0;0;0;0;0;0;0;1;0;0;0;0;0;0;0;0;0;0;1;2
"nastêpny";1;0;1;0;0;0;1;3;0;0;0;1;0;0;0;0;0;0;2;0
"nastêpowaæ";0;0;0;0;0;0;2;1;0;0;0;0;0;0;0;0;0;0;0;0
"nastêpuj¹cy";0;1;1;0;0;0;1;1;0;0;0;0;0;0;0;0;0;0;0;0
"nasuwaæ";0;0;0;0;0;0;1;1;0;0;0;0;0;0;0;0;0;0;0;0
"nasz¹";0;1;0;0;0;0;1;0;0;0;0;0;1;0;0;0;0;0;0;0
"nasze";0;0;0;2;0;0;0;2;0;0;0;0;0;1;2;0;0;0;0;0
"naszego";0;0;1;0;0;0;1;0;0;0;0;0;0;0;2;0;0;1;0;0
"naszej";0;0;0;0;0;2;1;1;0;0;0;0;0;0;0;0;0;0;0;0
"naszych";0;0;0;0;0;2;0;0;0;0;0;0;0;0;0;0;0;0;1;0
"naszym";1;0;1;0;0;0;1;2;0;0;0;0;2;2;0;0;0;0;0;0
"natomiast";0;0;1;1;1;3;0;2;1;3;2;0;0;0;0;0;1;0;0;1
"naturalny";1;0;0;0;1;1;0;0;0;0;0;1;0;0;1;0;0;0;0;0
"natychmiast";0;2;0;0;0;0;1;0;0;0;0;0;0;0;0;0;0;0;0;0
"nauczaæ";0;0;0;0;0;0;0;0;0;0;0;0;0;0;0;0;1;0;0;6
"nauczyciel";0;0;0;0;0;0;0;0;0;0;0;0;0;0;0;0;2;0;0;1
"nauczyæ";0;0;0;1;0;0;0;0;0;0;0;1;0;0;0;0;1;0;2;0
"nauka";0;0;0;0;0;0;3;0;0;0;0;0;0;0;0;0;2;0;0;8
"naukowiec";0;1;0;0;0;2;0;1;0;0;0;0;0;0;0;0;2;0;0;0
"nawi¹zywaæ";0;0;0;0;0;0;0;0;0;0;0;1;0;0;0;0;0;0;0;1
"nawodniæ";2;0;0;2;0;0;0;0;0;0;0;0;0;0;0;0;0;0;0;0
"nazwa";0;0;0;0;3;0;0;0;1;0;0;1;0;0;0;0;0;0;0;0
"nazywaæ";0;0;0;0;1;0;3;0;0;0;0;0;0;0;0;0;0;0;1;0
"niczym";0;0;0;1;1;0;0;0;0;0;0;0;0;0;0;0;0;0;0;0
"nieco";0;0;0;0;0;0;0;0;0;0;0;0;2;0;0;0;0;0;1;0
"niedawno";0;0;0;0;1;0;0;0;0;0;2;0;0;0;0;0;0;0;0;0
"niedziela";0;0;0;0;0;0;0;0;0;0;0;1;0;0;0;0;0;1;0;0
"niego";0;0;0;0;0;1;1;1;0;0;1;0;0;0;0;0;0;0;0;0
"niekoñcz¹cy";0;0;0;0;0;0;1;0;0;0;0;0;0;0;0;0;0;0;1;0
"niemal";0;0;1;0;0;1;1;0;0;0;1;0;2;0;0;0;0;0;1;1
"niesamowity";0;0;0;0;0;0;0;0;1;0;0;0;0;0;0;0;0;0;1;0
"niestety";0;1;0;0;0;0;0;0;1;0;0;0;1;1;0;1;0;1;0;0
"nieœæ";1;0;0;0;0;1;0;1;0;0;0;0;0;0;0;0;0;0;0;0
"nieunikniony";0;0;0;0;0;0;0;1;0;0;0;0;0;0;0;0;0;0;1;0
"niezale¿noœæ";0;1;0;0;0;0;0;0;0;0;0;0;0;0;0;0;0;0;1;0
"nigdy";0;0;0;0;0;1;0;0;0;0;0;0;0;0;0;0;0;0;3;2
"nimi";0;0;0;0;0;1;0;0;1;0;0;0;2;0;0;1;0;0;0;0
"ni¿szy";2;0;0;0;0;0;0;1;0;0;0;0;0;0;0;0;0;0;0;0
"noc";0;0;0;3;0;0;0;0;0;0;0;0;0;1;1;0;0;0;0;0
"noga";1;0;1;1;0;0;0;0;0;0;0;0;0;0;0;0;0;0;0;0
"normalna";0;0;0;0;0;0;0;0;0;0;0;0;3;0;0;0;0;0;0;1
"normalnoœæ";0;0;0;0;0;0;0;0;0;0;0;0;2;0;0;0;0;1;0;0
"normalny";1;0;0;1;0;0;0;0;0;0;0;0;0;0;0;1;0;0;0;0
"nosiæ";0;0;0;0;0;0;1;0;0;0;0;0;0;0;1;0;0;0;0;0
"notowaæ";1;0;0;0;1;0;0;0;0;0;0;0;0;0;0;0;0;0;0;0
"nowa";0;0;0;0;0;0;0;0;0;0;0;0;0;5;0;2;0;0;0;0
"nowy";0;0;0;0;0;0;1;2;0;0;0;0;0;3;0;2;0;0;0;0
"no¿ny";0;0;0;0;0;0;0;0;16;3;7;2;0;0;0;0;0;0;0;0
"numer";0;0;0;1;0;0;0;0;0;0;0;0;0;0;0;1;0;0;0;0
"obci¹¿enie";6;14;1;0;0;0;0;0;0;0;0;0;0;0;0;0;0;0;0;0
"obecny";1;0;0;0;1;2;1;0;4;0;1;0;1;0;0;0;0;1;1;1
"obiektywny";0;0;0;0;0;0;1;0;0;0;0;0;0;1;0;0;0;0;0;0
"objêtoœæ";1;3;0;1;0;0;0;0;0;0;0;0;0;0;0;0;0;0;0;0
"obowi¹zek";2;0;0;0;0;0;0;0;0;0;0;1;0;0;0;0;0;0;0;0
"obraz";0;0;0;0;0;0;0;1;0;0;0;0;0;0;0;1;0;0;0;0
"obrêb";0;1;0;0;1;0;0;1;0;0;0;0;0;0;0;0;0;0;0;0
"obroñca";0;0;0;0;0;0;0;0;0;1;1;0;0;0;0;0;0;0;0;0
"obserwowaæ";1;2;0;0;0;0;0;0;0;0;0;0;0;3;0;0;2;1;0;0
"obudowa";0;0;0;0;0;0;0;0;0;0;0;0;0;1;2;0;0;0;0;0
"ocena";0;0;1;0;0;0;0;0;0;0;0;0;0;0;0;0;2;0;1;1
"oceniaæ";0;0;0;0;0;0;0;0;0;0;0;0;0;0;0;0;1;0;2;1
"oceniæ";0;0;0;1;0;0;0;1;0;0;0;0;0;0;0;0;0;0;0;0
"ochrona";0;0;0;0;0;0;0;0;0;0;0;0;0;0;1;0;1;0;0;0
"oczekiwaæ";0;0;1;0;0;0;0;0;0;0;0;0;0;0;0;0;0;1;0;0
"oczy";1;0;0;0;0;0;1;0;0;0;0;0;0;0;0;1;0;0;0;0
"oczywisty";3;1;1;1;0;0;4;0;0;0;0;0;0;1;0;2;0;3;0;0
"odbiorca";0;0;0;0;0;2;1;0;0;0;0;0;0;0;0;0;0;0;0;2
"odbyæ";0;0;1;0;0;0;0;0;0;0;0;0;0;0;0;0;2;4;0;0
"odbywaæ";0;0;1;0;0;0;0;0;0;0;1;0;0;0;0;0;0;0;0;0
"oddzia³ywaæ";0;0;0;0;1;0;0;0;0;0;0;0;0;0;0;0;0;0;0;1
"odebraæ";0;0;0;0;0;1;0;0;0;1;0;0;0;0;0;0;0;0;0;0
"odgrywaæ";0;1;0;0;0;0;0;1;0;0;0;0;0;0;0;0;0;0;0;0
"odkrycie";0;0;0;0;0;0;0;2;0;0;0;0;0;1;0;0;0;0;0;0
"odkryæ";0;0;0;0;0;2;0;1;0;0;0;0;0;0;0;0;0;0;0;0
"odkrywaæ";0;1;1;0;0;0;0;2;0;0;0;0;0;0;0;0;0;0;0;0
"odniesienie";0;0;0;1;0;0;1;3;0;0;0;0;0;0;0;0;0;0;0;0
"odnosiæ";0;0;0;0;0;0;5;0;0;0;0;0;0;0;0;0;0;0;1;0
"odpoczynek";0;1;2;0;0;0;0;0;0;0;0;0;0;0;0;0;0;0;0;0
"odpornoœæ";1;0;0;1;0;0;0;0;0;0;0;0;0;0;0;0;1;0;0;0
"odpowiadaæ";1;1;0;0;0;0;1;0;0;0;0;0;0;1;0;0;0;0;0;0
"odpowiedni";5;2;1;5;0;0;0;0;0;0;0;0;0;1;0;0;1;0;2;1
"odpowiedzieæ";0;0;0;0;0;1;1;0;0;0;0;0;0;0;1;0;0;0;0;0
"odpowiedŸ";0;0;1;1;0;0;0;2;0;0;0;0;0;0;0;0;1;0;0;0
"odró¿niæ";0;1;0;0;0;0;0;0;0;0;0;0;0;0;0;0;0;0;1;0
"odrzuciæ";0;0;0;0;0;0;1;1;0;0;0;0;0;0;0;0;0;0;0;0
"odtworzyæ";0;0;0;0;0;2;1;0;0;0;0;0;0;0;0;0;0;0;0;0
"odwrotny";1;0;0;0;0;0;1;0;0;1;0;0;0;0;0;0;0;0;0;0
"od¿ywiaæ";1;0;1;0;0;0;0;0;0;0;0;0;0;0;0;0;0;0;0;0
"oferowaæ";0;0;0;0;0;0;0;0;0;0;0;0;1;0;0;0;0;0;0;2
"oficjalny";0;0;0;0;0;0;0;0;0;0;0;0;1;0;0;1;0;1;0;0
"ogl¹daæ";0;0;0;0;0;0;0;0;2;0;0;0;0;1;0;0;0;1;0;0
"ogóle";2;0;0;0;0;0;0;1;0;0;0;0;2;0;0;0;0;0;0;0
"ogólny";1;0;0;0;0;0;3;1;0;0;0;0;0;0;0;0;0;0;0;1
"ograniczaæ";3;1;0;0;0;0;0;0;0;0;0;0;0;0;0;0;0;0;0;0
"ograniczyæ";0;1;0;1;0;0;0;0;0;0;0;0;0;0;0;0;0;0;0;0
"okazaæ";0;0;0;0;0;0;0;0;0;0;0;1;0;1;0;0;0;0;0;0
"okazja";0;1;0;0;0;0;0;0;0;0;0;1;1;1;1;0;0;0;2;0
"okazywaæ";0;0;0;0;0;0;1;0;0;0;0;0;0;0;0;1;0;0;0;0
"oko³o";0;3;0;0;0;1;0;0;0;0;0;0;3;0;1;0;0;0;0;1
"okres";19;2;1;0;0;3;0;0;0;0;0;0;0;0;0;1;0;0;0;0
"okreœliæ";0;0;0;1;0;1;0;5;0;0;0;0;0;0;0;0;0;0;0;0
"ona";0;0;0;0;0;1;0;0;0;0;0;0;2;0;0;0;1;0;0;0
"online";0;0;0;0;0;0;0;0;0;0;0;0;0;0;0;0;0;5;0;1
"opieka";1;0;0;0;0;0;0;0;0;0;0;0;0;0;0;0;0;0;1;0
"opiekun";0;0;0;0;2;0;0;0;0;0;0;1;0;0;0;0;0;0;1;1
"opieraæ";0;1;0;0;0;0;1;0;0;0;0;0;0;0;0;0;0;0;0;0
"opinia";0;0;0;0;0;0;0;0;0;0;0;0;1;0;0;0;0;0;0;1
"opis";0;1;0;0;1;0;1;0;0;0;0;0;0;0;0;1;0;0;0;1
"opisaæ";0;0;0;0;0;0;1;2;0;0;0;0;0;0;0;0;3;0;1;0
"opisywaæ";0;0;0;0;0;0;1;1;0;0;0;0;0;0;0;0;0;0;0;0
"opór";0;1;0;0;0;0;0;0;1;0;0;0;0;1;0;0;0;0;0;0
"oprócz";1;0;0;1;0;0;0;0;1;0;0;0;0;0;0;0;0;1;0;0
"optymalny";0;0;1;1;0;0;0;0;0;0;0;0;0;0;0;0;0;1;0;0
"organizacja";0;0;0;0;0;0;0;1;2;0;1;0;0;0;0;0;0;5;0;0
"organizator";0;0;0;1;0;0;0;0;0;0;0;1;0;0;0;0;0;0;0;0
"organizm";11;9;1;7;0;0;1;0;0;0;0;0;0;0;0;0;0;0;0;0
"osi¹gaæ";3;0;1;0;0;0;0;0;0;0;0;0;0;0;0;0;1;0;0;0
"osi¹gn¹æ";0;2;0;0;0;0;0;1;0;0;0;0;0;0;0;0;0;0;0;0
"osi¹gniêcie";0;3;0;2;0;0;1;0;0;0;0;0;0;0;0;0;1;0;0;0
"osoba";1;3;0;0;0;0;0;0;1;0;0;0;2;0;2;1;2;1;1;0
"ostateczny";0;1;0;0;0;0;1;1;0;0;0;1;0;0;0;0;0;0;0;0
"ostatni";1;0;0;1;0;0;0;1;0;1;1;1;2;1;0;0;0;1;0;0
"ostrze¿enie";0;0;0;0;0;0;0;0;0;1;0;0;0;0;1;0;0;0;0;0
"oœrodek";0;0;0;0;1;2;0;0;0;0;0;0;0;0;0;0;0;0;0;0
"owoc";3;0;0;0;0;1;0;0;0;0;0;0;0;0;0;0;0;0;0;0
"oznaczaæ";3;5;0;1;0;0;4;0;0;0;0;0;1;0;0;0;1;0;0;0
"ówczesny";0;0;0;0;1;1;0;0;0;0;0;0;0;0;0;0;0;0;0;0
"paczka";0;0;0;0;0;0;0;0;0;0;0;0;1;2;0;0;0;0;0;0
"pamiêæ";0;0;0;0;0;0;0;0;1;0;0;0;2;0;0;0;0;0;2;1
"pamiêtaæ";3;0;1;0;0;0;0;0;0;0;0;1;0;0;1;0;0;0;2;1
"pandemia";0;0;0;0;0;0;0;0;0;0;0;0;1;0;0;0;0;1;0;0
"pañstwa";0;0;0;0;0;0;0;1;0;0;1;0;0;0;0;0;0;0;0;0
"para";0;0;0;0;0;0;1;0;0;0;0;0;0;0;1;0;0;0;0;0
"parametr";1;2;0;1;0;0;0;0;0;0;0;0;0;0;0;0;0;0;0;0
"partia";0;0;0;1;0;0;0;0;0;0;0;0;0;0;0;0;0;3;1;4
"paŸdziernik";0;0;0;0;0;0;0;0;1;0;0;0;0;0;0;0;0;1;0;1
"peda³owaæ";0;1;0;1;0;0;0;0;0;0;0;0;0;0;0;0;0;0;0;0
"peirce";0;0;0;0;0;0;4;1;0;0;0;0;0;0;0;0;0;0;0;0
"pe³nia";1;0;2;0;0;0;0;2;1;0;0;1;0;0;0;0;0;0;0;0
"pe³ny";2;2;0;1;0;0;0;0;0;0;0;2;1;0;1;2;0;0;0;0
"perspektywa";0;0;0;0;0;0;2;1;0;0;0;0;1;0;0;0;0;0;0;0
"pewna";0;0;0;0;0;0;0;0;0;0;0;0;0;1;0;1;0;0;0;0
"pewne";1;0;0;0;0;0;0;1;0;0;0;0;0;0;0;0;0;0;0;1
"pewno";0;0;0;0;0;1;0;0;0;0;0;0;0;1;0;0;0;0;0;0
"pewnoœæ";2;0;0;0;0;0;0;0;1;0;0;0;0;0;0;0;1;0;0;1
"pewnym";0;2;0;1;1;0;1;0;0;0;0;0;0;0;0;0;2;0;0;0
"pi¹tek";0;0;0;0;0;0;0;0;0;0;0;0;0;1;0;0;0;3;0;0
"pieni¹dz";0;0;0;0;0;0;0;0;1;0;0;0;1;0;0;0;0;0;0;0
"pierwotny";0;0;0;0;0;1;1;0;0;0;0;0;0;0;0;0;0;0;0;0
"pierwsza";0;0;0;0;1;1;0;2;0;0;0;0;1;0;0;0;0;0;0;0
"pierwsze";1;0;1;0;3;3;1;1;4;0;0;0;0;0;0;0;0;1;0;0
"pierwszy";0;1;4;1;2;5;1;2;1;0;1;0;2;1;0;2;0;1;0;0
"piêkny";0;0;0;0;0;0;0;0;0;0;0;1;0;0;0;0;0;0;1;0
"pi³ka";0;0;0;0;0;0;0;0;18;13;8;3;0;0;0;0;0;0;0;0
"pi³karski";0;0;0;0;0;0;0;0;4;1;4;2;0;0;0;0;0;0;0;0
"pi³karz";0;0;0;0;0;0;0;0;2;2;8;0;0;0;0;0;0;0;0;0
"pintal";0;0;0;0;0;0;0;0;0;0;0;0;0;0;0;0;0;0;1;1
"pisaæ";0;0;0;0;0;0;1;0;0;0;0;0;0;0;0;1;1;0;0;0
"plan";0;1;2;1;0;0;0;0;0;0;0;0;0;2;0;0;0;0;0;0
"platforma";0;0;0;0;0;1;0;0;0;0;0;0;1;0;0;0;0;0;0;0
"plecy";0;0;0;2;0;0;0;0;0;0;0;1;0;0;0;0;0;0;0;0
"plus";0;0;0;0;0;0;0;0;0;0;0;0;0;0;0;0;1;1;0;0
"p³ynniejszy";0;0;0;1;0;0;0;0;0;0;0;0;0;0;0;0;1;0;0;0
"p³ynny";2;0;0;1;0;0;0;0;0;0;0;0;0;0;0;0;0;0;0;0
"p³yta";0;0;0;0;0;2;0;0;0;0;0;0;0;1;0;0;0;1;0;0
"pne";0;0;0;0;1;2;0;0;0;0;0;0;0;0;0;0;0;0;0;0
"pochodzenie";0;0;0;0;0;0;1;0;0;0;1;0;0;0;0;0;0;0;0;1
"pochodziæ";0;1;0;0;1;3;1;0;0;0;0;1;0;0;1;0;1;0;0;0
"pochwaliæ";0;0;0;0;0;0;0;0;0;0;0;0;0;0;0;1;0;0;0;1
"pociecha";0;0;0;0;0;0;0;0;0;0;0;1;0;0;0;0;0;0;0;1
"pocz¹tek";0;0;1;1;0;3;2;0;0;0;0;0;1;0;0;0;1;0;0;0
"poczuæ";0;0;0;0;0;1;0;0;0;0;0;0;0;0;1;0;0;0;0;0
"podawaæ";0;1;0;1;0;0;0;0;0;0;0;0;0;0;0;0;1;0;0;0
"poda¿";3;1;0;0;0;0;0;0;0;0;0;0;2;0;0;0;0;0;0;0
"podczas";2;4;5;1;0;5;0;1;1;2;3;1;0;0;8;3;1;1;1;0
"podejmowaæ";0;2;0;0;0;0;0;0;0;0;0;0;0;0;0;0;1;0;1;2
"podejœcie";0;0;2;0;0;0;0;1;0;0;0;0;0;0;0;0;0;0;1;0
"podkreœlaæ";0;0;0;0;0;0;0;0;0;0;0;1;0;0;0;0;0;1;0;0
"podkreœliæ";0;0;0;0;0;0;1;1;0;0;0;0;0;0;0;0;0;0;0;2
"pod³o¿e";0;0;0;1;0;0;0;0;0;1;0;0;0;0;1;0;0;0;0;0
"podmiot";0;0;0;0;0;0;2;2;0;0;0;0;0;0;0;0;0;0;0;0
"podobno";0;0;0;0;0;2;0;0;0;0;0;0;1;0;0;0;0;0;0;0
"podobny";3;0;2;1;1;0;1;2;2;0;0;0;2;3;1;0;0;0;0;0
"podpisaæ";0;0;0;0;0;1;0;0;0;0;0;0;0;0;0;0;0;0;0;1
"podrêcznik";0;0;0;0;0;0;1;0;0;0;0;0;0;0;0;0;0;0;0;1
"podstawa";0;1;0;0;2;0;1;1;0;0;0;0;0;1;0;0;2;0;0;0
"podstawowy";2;2;0;1;0;0;1;2;1;0;0;0;0;1;0;0;0;0;0;2
"podzespó³";0;0;0;0;0;0;0;0;0;0;0;0;1;0;3;0;0;0;0;0
"podzia³";0;1;0;0;1;0;0;1;0;0;0;0;1;0;0;0;0;0;0;0
"podzieliæ";0;0;0;0;0;3;0;0;0;0;0;1;0;0;0;0;0;0;0;0
"pogarszaæ";1;0;0;1;0;0;0;0;0;0;0;0;0;0;0;0;0;0;0;0
"pograæ";0;0;0;0;0;0;0;0;0;0;0;1;0;1;0;0;0;0;0;0
"pojawiaæ";0;0;0;0;4;0;3;0;0;0;0;0;2;0;0;0;0;0;0;0
"pojawiæ";1;0;0;0;0;0;1;1;0;0;0;0;0;1;0;0;0;0;0;0
"pojêcie";0;0;0;0;0;1;6;2;0;0;0;1;0;0;0;0;0;0;0;0
"pokazywaæ";0;0;0;0;1;0;0;0;0;0;0;0;1;0;0;0;0;0;0;0
"polak";1;0;0;0;0;0;0;0;0;0;0;0;0;0;0;0;0;1;0;0
"polegaæ";1;2;0;1;0;0;1;0;0;0;0;0;0;0;0;0;0;0;0;0
"polepszaæ";0;0;0;0;0;0;0;0;0;0;0;0;0;0;0;0;0;0;2;1
"polsce";0;0;1;0;0;1;0;0;0;0;0;1;1;0;0;0;2;2;0;0
"polski";0;0;0;0;0;1;0;0;0;0;6;4;0;1;0;2;0;6;0;0
"po³¹czyæ";0;0;0;0;1;0;0;1;0;0;0;0;0;0;0;0;0;0;0;0
"po³owa";0;0;0;0;1;2;0;0;0;0;0;0;4;0;0;1;0;0;0;0
"pomagaæ";0;1;0;0;0;0;0;0;0;0;0;0;0;0;0;0;2;0;0;1
"pomiar";0;2;0;1;0;0;0;0;0;0;0;0;0;0;0;2;0;0;0;0
"pomiêdzy";0;0;0;0;1;0;0;0;0;0;1;0;0;0;0;0;0;0;0;1
"pomimo";0;0;0;0;0;0;0;0;0;0;2;0;0;0;0;1;0;0;1;0
"pomoc";0;0;0;1;2;0;4;0;0;0;0;0;2;0;0;0;0;0;1;2
"pomocny";0;0;0;0;0;0;0;0;0;0;0;0;0;0;0;0;0;0;1;1
"pomóc";0;0;1;0;0;0;0;0;0;0;1;0;0;0;0;0;0;0;0;0
"pomys³";0;0;1;0;0;0;0;1;0;0;1;0;0;0;0;0;0;0;0;0
"ponadto";1;1;0;0;0;0;0;0;1;0;0;0;0;0;2;0;0;0;2;1
"poni¿ej";1;1;0;1;1;0;0;0;0;0;0;0;0;0;1;1;0;0;1;0
"ponowny";0;1;0;0;0;0;0;0;0;0;1;0;0;0;0;0;0;0;0;0
"poprawa";2;4;1;0;0;0;0;0;0;0;0;0;3;0;0;0;5;0;0;0
"poprawiaæ";0;0;0;0;0;1;0;0;0;0;0;0;3;0;0;0;2;0;0;0
"poprawiæ";0;3;0;1;0;0;0;0;0;0;0;0;3;0;0;0;0;0;0;0
"poprzeczka";0;0;0;0;2;0;0;0;0;1;0;0;0;0;0;0;0;0;0;0
"poprzedni";0;0;1;1;0;0;0;0;0;0;0;1;0;0;0;0;0;0;0;0
"poprzez";2;0;0;2;0;0;0;4;0;0;0;1;0;0;0;0;0;0;0;2
"popularny";1;0;0;0;0;1;0;0;1;0;0;0;0;0;0;0;0;0;0;0
"pora";0;0;2;1;0;1;0;0;0;0;0;0;0;0;0;1;0;0;0;1
"porada";0;0;1;0;0;0;0;0;0;0;0;0;0;0;1;0;0;0;0;0
"porównanie";0;1;0;0;0;0;0;1;0;0;0;0;0;0;0;0;1;0;0;0
"posiadaæ";0;0;0;0;1;0;0;1;0;1;2;0;0;0;1;0;1;0;0;0
"pos³u¿yæ";0;0;0;0;0;1;0;2;0;1;0;0;0;0;0;0;0;0;0;0
"postaæ";0;1;0;0;0;1;0;3;0;0;0;0;0;0;0;0;0;0;0;0
"postawiæ";0;1;0;0;0;0;0;1;0;0;0;1;0;0;0;1;0;0;0;0
"postêpowaæ";0;0;0;0;0;0;0;1;0;0;0;0;0;0;0;0;1;0;0;0
"postrzegaæ";0;0;0;0;1;0;0;1;0;0;0;0;0;0;0;0;1;0;0;0
"poszczególny";2;3;0;0;0;0;0;2;0;0;1;0;0;0;0;1;0;0;0;0
"poœrednictwo";0;0;0;0;0;1;1;0;0;0;0;0;0;0;0;0;0;0;0;0
"poœród";0;0;0;0;2;0;0;0;0;0;0;0;0;0;0;0;1;0;0;0
"poœwiêcaæ";0;0;0;0;0;0;0;0;1;0;0;0;0;0;0;0;1;0;0;0
"poœwiêciæ";0;0;1;1;1;1;1;0;0;0;0;0;0;0;0;0;0;0;0;0
"potem";0;0;0;1;0;0;1;0;0;0;0;0;0;0;0;0;0;0;0;0
"potencja³";0;0;0;0;0;0;0;2;0;0;0;0;0;0;0;0;0;0;1;0
"potrafiæ";0;0;0;0;0;0;0;0;2;0;1;0;0;0;2;0;0;0;1;0
"potraktowaæ";0;0;0;0;0;0;0;2;0;0;0;0;0;0;0;1;0;0;0;0
"potrzeba";2;0;0;0;0;0;0;2;0;0;0;0;0;0;0;0;0;0;0;0
"potrzebny";0;1;1;0;0;0;0;0;0;0;0;0;0;1;1;0;0;0;0;0
"potrzebowaæ";0;0;0;0;0;0;0;1;0;0;0;0;0;0;0;0;0;0;1;0
"potwierdzaæ";0;0;0;0;0;0;0;0;0;0;0;0;0;0;0;0;2;0;0;1
"powa¿ny";1;1;0;1;0;0;1;1;0;0;0;0;0;0;0;0;0;0;0;0
"powiedzieæ";0;0;0;0;0;0;2;0;0;0;0;1;2;1;0;0;1;1;3;0
"powierzchnia";0;0;0;0;0;0;0;1;0;1;0;0;0;0;2;0;0;0;0;0
"powietrze";0;0;0;0;0;0;0;0;0;1;0;0;0;0;1;0;0;0;0;0
"powinien";1;0;0;2;0;0;0;0;0;0;0;0;0;0;1;0;0;0;0;0
"powinna";3;0;0;0;0;0;0;0;0;2;0;0;1;0;0;0;0;0;0;0
"powinniœmy";0;0;1;0;0;0;0;0;0;0;0;0;0;0;3;0;0;0;0;0
"powinno";2;0;0;1;0;0;0;0;0;0;0;0;0;0;1;0;0;0;0;0
"powinny";2;1;1;0;0;0;0;0;0;0;0;0;0;0;0;0;0;0;0;0
"powodowaæ";1;0;0;1;1;1;0;0;0;0;0;0;2;0;2;0;0;0;0;0
"powód";1;1;0;0;0;0;0;0;0;0;0;0;2;1;0;1;2;0;0;0
"powstaæ";0;0;0;0;1;3;0;0;1;0;1;0;0;0;0;0;0;0;0;0
"powsta³y";0;0;0;0;1;10;0;0;1;0;0;0;0;0;0;0;0;0;0;0
"powstanie";0;0;0;0;2;3;0;0;0;0;0;0;0;0;0;0;0;0;0;0
"powstawaæ";0;0;0;0;1;2;0;0;0;0;0;0;0;0;0;0;0;0;0;0
"powtarzaæ";1;2;0;0;0;0;0;0;0;0;0;0;0;0;0;0;0;0;0;0
"powy¿ej";1;0;1;3;1;0;0;1;0;0;0;0;0;0;0;0;1;0;0;0
"powy¿szy";0;0;0;1;0;0;0;1;0;0;0;0;0;0;0;0;0;0;0;0
"pozbawiæ";0;0;0;0;0;1;0;2;0;0;0;0;0;0;0;0;0;0;0;0
"poziom";6;2;0;6;0;0;1;3;0;0;2;0;1;0;0;0;0;0;1;0
"poznaæ";0;1;0;0;0;1;0;1;3;0;0;2;0;0;0;0;1;0;0;0
"pozorny";0;0;0;0;0;0;1;0;0;0;0;0;0;1;0;0;0;0;0;0
"pozosta³y";1;0;0;0;1;0;0;1;0;1;0;0;0;0;0;0;0;0;0;0
"pozór";0;0;0;1;0;0;0;0;0;0;0;0;0;0;0;0;0;0;1;0
"pozwalaæ";0;8;1;3;0;0;1;0;0;0;0;0;0;0;0;0;0;0;0;1
"pozwoliæ";3;0;1;3;0;0;0;0;0;0;0;1;0;0;0;0;0;0;0;0
"pozycja";0;0;0;1;0;0;0;1;0;2;0;0;0;0;0;0;0;0;1;0
"pozytywny";0;0;0;1;0;0;0;1;1;0;0;2;0;0;0;0;0;0;0;1
"po¿¹dany";1;0;0;0;1;0;0;0;0;0;0;0;0;0;0;0;0;0;0;0
"póŸniej";0;0;0;0;1;0;0;2;2;0;1;0;0;0;0;0;0;0;0;0
"praca";0;0;1;1;0;3;0;5;0;0;0;0;0;0;2;0;1;0;0;0
"pracowaæ";1;0;0;0;0;0;0;0;0;0;0;0;1;0;0;0;0;0;0;0
"praktyczny";0;1;0;0;0;0;0;0;0;0;0;0;2;0;0;0;0;0;0;1
"praktyka";0;1;0;0;2;1;0;0;0;0;0;0;0;1;0;0;0;0;0;0
"prawda";0;0;0;0;0;1;0;0;0;0;0;1;0;1;1;0;0;0;0;0
"prawdopodobny";0;0;0;0;4;1;0;1;0;0;0;0;2;0;0;0;0;0;0;0
"prawo";0;0;0;0;0;1;0;0;0;1;0;0;0;0;0;0;0;0;0;1
"preferowaæ";0;0;1;0;0;0;0;0;0;0;0;0;0;0;0;0;0;1;0;0
"premiera";0;0;0;0;0;0;0;0;0;0;0;0;0;3;0;1;0;0;0;0
"problem";0;0;0;1;0;0;2;0;0;0;0;0;2;0;0;1;1;0;0;1
"procent";0;1;0;0;0;0;0;0;0;0;0;0;2;0;0;0;0;0;0;0
"proces";0;1;0;1;0;0;3;2;0;0;0;0;0;0;2;0;0;0;1;1
"produkcja";0;2;0;0;0;0;0;0;0;0;0;0;1;0;0;0;0;0;0;0
"profesjonalny";1;1;0;0;0;0;0;0;0;0;0;0;0;0;0;0;0;0;0;0
"program";0;1;0;0;0;0;0;0;0;0;0;0;0;0;0;0;0;0;0;5
"progresja";0;0;1;0;0;0;0;0;0;0;0;0;0;0;0;0;1;0;0;0
"proporcja";0;2;0;1;3;0;0;0;0;0;0;0;0;0;0;0;0;0;0;0
"prosta";0;1;0;1;0;0;0;0;0;0;0;0;0;0;0;0;0;0;0;0
"prostu";0;0;1;0;1;0;0;0;0;0;0;0;3;0;0;0;0;0;0;0
"prowadziæ";1;2;0;0;0;1;1;1;0;0;0;0;0;0;0;0;0;0;0;0
"próg";0;0;2;1;1;0;0;0;0;0;0;0;0;0;0;0;0;0;0;0
"przeanalizowaæ";0;0;0;0;0;1;0;0;0;0;0;0;0;0;0;0;2;0;0;0
"przecie¿";0;0;0;0;0;1;1;0;0;0;0;1;1;0;1;0;0;0;0;0
"przeciwnik";0;0;0;0;0;0;0;0;1;3;0;0;0;1;0;0;1;0;3;0
"przeciwny";0;0;0;0;0;0;1;0;0;4;0;0;0;0;0;0;0;0;1;0
"przedmiot";0;0;0;0;0;1;9;1;0;0;0;0;0;0;1;0;0;0;0;2
"przedstawiaæ";0;0;0;0;0;1;3;0;0;0;0;0;0;0;0;0;0;0;0;0
"przedstawiæ";0;0;0;0;0;0;2;1;0;0;0;0;0;0;0;0;0;0;1;1
"przedwczesny";0;0;1;1;0;0;0;0;0;0;0;0;0;0;0;0;0;0;0;0
"przejechaæ";0;2;0;1;0;0;0;0;0;0;0;0;0;0;0;0;0;0;0;0
"przejœciowy";3;1;0;0;0;0;0;0;0;0;0;0;0;0;0;0;0;0;0;0
"przejœæ";0;0;0;1;0;0;0;0;0;0;0;0;0;0;0;1;0;0;1;0
"przekazywaæ";0;0;0;0;1;0;4;0;0;0;0;0;0;0;0;0;0;0;0;0
"przekonaæ";0;0;0;0;0;0;0;0;0;0;0;0;0;1;0;0;0;1;0;0
"przekonanie";0;0;0;0;0;0;1;1;0;0;0;1;0;0;0;0;0;0;0;0
"przekraczaæ";0;1;0;1;0;0;0;0;0;0;0;0;0;0;0;0;0;0;0;0
"prze³om";0;0;2;0;0;0;0;1;0;0;0;0;0;0;0;0;0;0;0;0
"prze³o¿yæ";0;0;0;0;0;0;0;0;0;0;0;1;1;0;0;0;1;0;0;0
"przemian";0;1;0;0;1;0;0;1;1;0;0;0;0;0;0;0;0;0;0;0
"przeprowadziæ";0;0;0;1;0;0;0;0;1;0;0;0;0;0;0;0;2;0;0;0
"przestrzeñ";0;0;0;0;0;1;1;2;0;0;0;0;0;0;0;0;0;0;0;0
"przetestowaæ";0;0;0;1;0;0;0;0;0;0;0;0;0;0;0;0;1;0;0;0
"przetrwaæ";0;0;0;0;1;0;0;0;0;0;0;0;0;0;1;0;0;0;0;0
"przetworzyæ";2;0;0;0;0;0;0;0;0;0;0;0;0;0;0;0;1;0;0;0
"przewa¿aæ";0;1;0;1;0;0;0;0;0;0;0;0;0;0;0;0;0;0;0;0
"przewidywanie";0;0;0;0;0;0;0;0;0;0;0;0;0;0;0;0;1;0;2;0
"przewlek³y";1;1;0;0;0;0;0;0;0;0;0;0;0;0;0;0;0;0;0;0
"przeze";0;0;1;0;0;0;0;1;0;0;0;0;0;0;0;0;0;0;0;0
"przychodziæ";0;0;0;1;0;0;0;0;0;0;0;0;0;0;1;0;0;0;0;0
"przydatny";0;0;0;0;0;0;0;1;0;0;0;0;0;0;0;0;0;0;0;1
"przygoda";1;0;0;0;0;0;0;0;0;0;0;0;0;0;0;0;0;0;1;0
"przygotowaæ";0;0;3;2;0;0;0;0;0;0;0;0;0;1;0;1;0;0;0;0
"przygotowanie";1;0;3;7;0;0;0;0;0;0;0;0;0;0;0;0;0;0;0;0
"przygotowawczy";4;1;0;0;0;0;0;0;0;0;0;0;0;0;0;0;0;0;0;0
"przyj¹æ";0;0;1;0;0;1;3;0;0;0;0;0;0;0;0;0;0;0;0;0
"przyjechaæ";0;0;0;0;0;0;0;0;0;0;0;1;0;0;0;0;0;1;0;0
"przyjemnoœæ";0;1;3;0;1;1;0;0;0;0;0;0;0;1;0;0;0;0;0;0
"przyjemny";0;0;0;0;0;1;0;0;0;0;0;0;0;0;1;0;0;1;0;0
"przyjmowaæ";1;1;2;0;0;0;0;0;0;0;0;0;0;0;0;0;0;0;0;0
"przyk³ad";0;1;0;0;0;5;8;4;0;0;0;0;0;1;2;1;0;0;0;0
"przyk³adowy";0;0;1;0;0;1;0;0;0;0;0;0;0;0;0;1;0;0;0;0
"przynajmniej";1;0;0;1;0;0;1;0;0;0;0;0;1;0;0;0;0;0;0;0
"przynosiæ";1;1;0;1;0;0;0;0;0;0;0;0;0;0;0;0;0;0;0;0
"przypadek";2;1;1;9;0;0;3;2;0;0;1;0;1;1;1;0;0;0;0;0
"przypominaæ";0;0;0;0;0;1;1;0;0;0;0;0;0;0;0;0;0;0;0;0
"psychiczny";1;0;0;5;0;0;0;0;0;0;0;0;0;0;0;0;0;0;0;0
"publiczny";0;0;0;0;0;1;0;0;0;0;0;0;0;0;0;0;0;0;0;2
"publikacja";0;0;0;0;0;0;0;0;0;0;0;0;0;1;0;0;3;0;0;0
"pud³o";0;0;0;0;1;0;0;0;0;0;0;0;0;1;0;0;0;0;0;0
"pulsometr";0;1;0;0;0;0;0;0;0;0;0;0;0;0;0;4;0;0;0;0
"punkt";0;0;0;1;0;0;2;1;0;0;0;1;0;0;0;0;1;0;0;0
"pusty";0;0;0;0;0;1;0;0;0;0;0;0;0;0;0;0;0;0;0;1
"pytanie";0;0;1;1;0;1;2;2;0;0;0;0;1;0;1;1;0;0;0;0
"raczej";0;0;0;1;0;0;0;1;0;0;0;0;0;1;0;0;0;0;0;0
"rama";0;0;0;0;0;0;0;3;0;1;1;0;0;0;0;1;0;0;0;0
"raz";0;1;0;1;0;0;0;0;0;1;1;0;1;0;0;0;0;0;0;0
"razem";0;0;0;0;0;0;0;1;0;0;0;0;0;1;0;0;0;0;0;0
"reakcja";0;1;0;0;0;0;1;0;0;0;0;0;0;0;0;0;0;0;0;0
"realizowaæ";0;1;1;0;0;0;0;0;0;0;0;0;0;0;0;0;0;0;0;1
"realny";0;0;0;0;0;0;0;0;0;0;0;0;1;0;0;0;0;0;0;1
"regeneracja";3;2;0;0;0;0;0;0;0;0;0;0;0;0;0;0;0;0;0;0
"regenerowaæ";0;1;1;0;0;0;0;0;0;0;0;0;0;0;0;0;0;0;0;0
"regularny";1;2;0;2;0;0;0;0;0;0;0;0;1;1;0;0;0;0;0;0
"religia";0;0;0;0;1;0;0;0;0;0;0;0;0;0;0;0;0;0;0;1
"religijny";0;0;0;0;1;4;0;0;0;0;0;0;0;0;0;0;0;0;0;0
"reprezentacja";0;0;0;0;0;0;40;0;1;0;5;1;0;0;0;0;0;0;0;0
"reprezentowaæ";0;0;0;0;0;0;12;0;0;0;2;0;0;0;0;0;0;0;0;0
"rewolucja";0;0;0;0;1;0;0;0;0;0;0;0;0;1;0;0;0;0;0;0
"rezerwa";1;2;0;0;0;0;0;0;0;0;0;0;0;0;0;0;0;0;0;0
"rezultat";4;0;0;0;0;0;0;1;0;0;0;0;0;0;0;0;0;0;0;0
"rêka";0;0;0;0;1;0;0;0;0;0;2;0;2;0;0;3;0;0;0;0
"robert";0;0;0;0;0;0;0;0;1;0;1;0;0;0;0;0;1;0;0;0
"roberta";0;0;0;0;0;1;0;0;0;0;0;0;0;0;0;0;1;0;0;0
"robiæ";0;0;1;0;0;0;0;0;0;0;0;1;0;0;3;0;0;0;0;0
"rodzaj";1;1;0;0;1;3;4;1;1;0;2;1;0;0;0;0;0;0;1;0
"rodzice";0;0;0;0;0;0;0;0;0;0;0;5;0;0;0;0;0;0;1;1
"rok";0;0;0;0;0;1;0;0;1;0;0;0;0;0;0;0;0;1;0;0
"rola";0;1;0;0;1;0;1;3;1;0;0;0;1;0;1;0;0;0;0;0
"rosn¹æ";0;1;0;0;0;0;0;0;0;0;0;0;2;0;0;0;0;0;0;0
"rower";0;1;1;3;0;0;0;0;0;0;0;0;0;0;0;0;0;0;0;0
"rozgrywaæ";0;0;0;0;0;0;0;0;0;1;4;2;0;0;0;0;0;0;0;2
"rozgrywka";0;0;0;0;0;0;0;0;2;0;8;1;0;1;0;0;0;0;1;0
"rozk³adaæ";0;0;0;0;0;0;0;1;0;0;0;0;0;1;0;0;0;0;0;0
"rozmowa";0;0;0;0;0;0;0;0;1;0;0;0;2;1;0;0;0;0;0;0
"rozpocz¹æ";0;0;0;0;0;0;0;0;0;1;0;0;1;1;1;0;0;2;0;0
"rozpoczynaæ";0;0;0;0;0;0;0;1;1;1;0;0;0;0;0;0;0;1;0;0
"rozpoznawaæ";0;0;0;0;0;0;1;0;0;0;0;0;0;0;0;0;0;0;1;1
"rozró¿nienie";0;0;0;0;0;0;2;1;0;0;0;0;0;0;0;0;0;0;0;0
"rozrywka";0;0;0;0;0;0;0;0;0;0;0;0;0;1;0;0;0;0;0;1
"rozumieæ";0;0;0;0;0;0;2;4;0;0;0;0;0;0;0;0;0;0;1;0
"rozumienie";0;0;0;0;0;0;1;1;0;0;0;0;0;0;0;0;0;0;0;0
"rozwi¹zanie";0;0;0;0;0;0;0;1;0;0;0;1;0;0;0;0;0;0;0;0
"rozwi¹zywaæ";0;0;0;1;0;0;0;1;0;0;0;0;0;0;0;0;1;0;0;1
"rozwijaæ";0;0;0;0;0;1;0;1;0;0;0;0;0;0;0;0;0;0;5;4
"rozwin¹æ";0;1;0;0;1;1;0;1;0;0;0;0;0;0;0;0;0;0;0;1
"rozwiniêta";0;0;0;0;1;0;0;0;0;0;0;0;0;0;0;0;0;0;1;0
"rozwój";1;0;0;1;2;4;1;0;0;0;0;0;0;0;0;0;5;0;2;5
"róg";0;0;0;0;1;2;0;0;0;0;0;0;0;0;0;0;0;0;0;0
"równia";0;1;0;1;2;0;0;0;0;0;0;0;0;1;0;0;0;0;0;0
"równoczesny";0;1;0;0;0;0;2;0;0;0;0;0;0;0;0;0;0;0;0;0
"równowaga";0;1;0;0;0;0;0;0;0;0;1;0;0;0;0;0;0;0;0;0
"równy";0;0;0;0;0;0;0;0;0;0;0;0;0;1;0;0;0;0;0;1
"ró¿niæ";1;0;0;0;0;0;1;0;0;0;0;0;0;0;0;0;1;0;0;0
"ró¿norodny";0;0;0;0;0;1;0;0;0;0;0;0;0;0;0;0;0;0;1;0
"ró¿ny";1;2;0;0;1;2;0;1;3;1;2;0;0;0;0;1;2;0;2;3
"ruch";0;1;0;8;0;0;0;1;1;0;0;0;0;0;0;0;1;1;2;0
"ruchowy";0;0;0;1;0;0;0;0;0;0;0;0;0;0;0;0;1;0;0;0
"rytm";0;0;0;1;3;1;0;1;0;0;0;0;0;0;0;0;0;0;0;0
"rywal";0;0;0;0;0;0;0;0;2;0;0;0;0;0;0;0;0;2;0;0
"rywalizacja";0;0;0;0;0;0;1;0;0;1;0;0;0;0;0;0;0;0;1;1
"rywalizowaæ";0;0;0;1;0;0;0;0;0;0;2;0;0;0;0;0;0;1;0;1
"ryzyko";1;2;1;0;0;0;0;0;0;0;0;0;0;0;0;0;0;0;0;0
"rzadki";1;0;0;0;0;0;0;0;0;0;0;1;0;0;0;0;0;0;0;2
"rz¹d";0;1;0;1;0;0;0;1;1;0;0;0;0;0;0;0;0;0;0;0
"rzecz";0;0;0;0;0;0;7;0;0;0;0;0;3;0;0;0;0;0;0;0
"rzeczywistoœæ";0;0;0;0;0;0;11;0;0;0;0;0;0;1;0;0;0;0;0;0
"rzucaæ";1;0;0;0;0;0;1;0;0;0;0;0;0;0;0;1;0;0;0;0
"rzut";0;0;0;0;0;0;0;0;0;6;1;0;0;0;0;0;0;0;0;0
"sam";0;1;0;0;0;0;1;1;0;0;0;1;1;0;0;0;0;1;0;0
"sama";0;0;0;0;0;0;1;1;1;0;0;0;1;1;0;0;0;0;0;0
"same";0;0;0;0;0;0;1;0;0;0;0;0;1;0;0;1;0;0;0;0
"samego";0;1;1;0;0;0;0;0;0;0;0;0;1;1;0;0;0;0;0;0
"samej";0;1;0;0;0;0;1;0;1;0;0;0;0;1;0;0;1;0;0;0
"samemu";0;0;0;1;0;0;1;0;0;0;0;0;0;0;0;0;0;0;1;0
"samochód";0;1;0;0;0;0;0;0;0;0;0;0;0;0;3;0;0;0;0;0
"samodzielny";0;0;0;0;0;0;0;2;0;0;0;0;0;0;0;0;0;0;2;0
"samych";0;0;0;0;0;0;1;0;0;0;0;2;0;1;0;0;0;0;0;0
"samym";0;1;0;1;0;1;2;0;0;0;1;0;2;1;1;1;0;0;0;0
"satysfakcja";0;2;0;1;0;0;0;0;0;0;0;0;0;0;0;0;1;0;0;0
"s¹dziæ";0;0;0;0;0;0;1;1;0;0;0;0;0;0;0;0;0;0;0;0
"schemat";1;0;1;0;0;0;0;1;0;0;0;0;0;0;0;0;0;0;1;0
"sch³odziæ";0;0;0;0;0;0;0;0;0;0;0;0;0;0;1;1;0;0;0;0
"sekunda";0;2;0;0;0;0;0;0;0;0;0;0;0;0;0;0;0;1;0;0
"sens";0;0;1;0;0;0;0;1;0;0;0;0;0;0;0;0;1;0;0;0
"seria";0;0;0;0;0;0;0;1;0;0;0;0;0;0;0;1;0;1;0;1
"sezon";0;0;5;2;0;0;0;0;0;0;0;0;0;0;0;0;0;0;0;0
"sfera";0;0;0;0;1;0;0;0;0;0;0;0;0;0;0;0;1;0;0;1
"siebie";0;0;1;0;0;0;2;3;0;0;0;0;1;0;1;0;1;1;0;1
"sieæ";0;1;0;0;0;0;0;0;0;0;0;1;0;0;0;0;0;1;0;0
"siedem";0;0;0;0;0;1;0;0;0;0;1;0;0;1;0;0;0;0;0;0
"silniejszy";0;0;0;1;0;0;0;0;0;0;0;0;0;0;0;0;0;0;1;0
"silny";0;0;0;4;0;0;1;0;0;0;0;0;0;1;0;0;0;0;1;0
"si³a";0;1;0;2;0;0;0;1;0;0;0;0;0;0;0;0;0;0;0;1
"skala";0;2;0;0;4;0;0;0;0;0;1;0;0;0;0;0;0;0;0;0
"sklep";0;0;0;1;0;0;0;0;0;0;0;0;6;0;0;3;0;0;0;0
"sk³ad";1;0;0;0;0;0;0;0;0;2;3;0;0;0;0;1;0;0;0;0
"sk³adaæ";0;0;0;0;0;0;0;0;0;0;1;1;1;0;0;0;0;0;0;0
"skomplikowany";0;0;0;0;1;0;0;0;0;0;0;0;0;0;0;0;0;0;1;0
"skoncentrowaæ";0;0;0;0;0;0;0;0;0;0;0;0;0;0;0;0;0;0;1;1
"skonstruowaæ";0;0;0;0;1;0;0;0;0;0;0;0;0;0;0;0;0;0;1;0
"skoñczony";0;0;0;0;0;0;3;0;0;0;0;0;0;0;0;0;0;0;1;0
"skoro";0;0;0;0;0;0;1;0;0;0;0;0;0;0;0;1;0;0;0;0
"skóra";0;0;0;0;0;0;0;0;0;0;0;0;0;1;1;0;0;0;0;0
"skrót";0;0;0;0;0;2;0;0;0;0;1;1;0;0;0;0;0;0;0;1
"skupiæ";0;0;0;2;0;0;0;1;0;0;0;0;0;0;0;0;0;0;0;0
"skuteczny";0;0;0;0;0;0;0;0;0;0;0;0;0;0;1;1;0;0;0;0
"skutek";1;1;0;0;0;0;0;0;0;0;0;0;0;0;2;0;0;0;0;0
"s³aboœæ";0;0;0;1;0;0;0;0;1;0;0;0;0;0;0;0;0;0;0;0
"s³owo";0;0;0;0;0;0;9;0;0;0;0;0;0;0;0;0;0;0;1;0
"s³ów";0;0;0;0;0;0;0;0;0;0;0;0;0;0;0;1;1;0;0;0
"s³uchaæ";0;0;0;0;0;2;0;0;0;0;0;0;0;1;0;0;0;0;0;0
"s³uszny";0;0;0;0;0;1;1;0;0;0;0;0;0;0;0;0;0;0;0;0
"s³u¿yæ";2;0;0;0;0;3;0;1;0;0;0;0;0;0;0;0;0;0;0;0
"smart";0;0;0;0;0;0;0;0;0;0;0;0;0;0;0;2;0;0;0;1
"sob¹";1;1;1;0;0;0;0;6;0;0;0;0;0;0;0;0;0;0;0;1
"solowy";0;0;1;0;0;1;0;0;0;0;0;0;0;0;0;0;0;0;0;0
"sonata";0;0;0;0;0;3;1;1;0;0;0;0;0;0;0;0;0;0;0;0
"sondej";0;0;0;0;0;0;0;0;0;0;0;0;0;0;0;0;0;0;1;1
"sony";0;0;0;0;0;1;0;0;0;0;0;0;0;1;0;0;0;0;0;0
"spadek";1;2;0;0;0;0;0;0;0;0;0;0;0;0;0;0;0;0;0;0
"spalony";0;0;2;0;0;0;0;0;0;3;0;0;0;0;0;0;0;0;0;0
"spaœæ";0;0;0;2;0;0;0;0;0;0;0;0;1;0;0;0;0;0;0;0
"specjalny";0;0;0;0;0;0;0;0;0;0;0;0;0;0;0;0;1;0;0;1
"specyficzny";0;0;0;3;0;0;0;1;0;0;0;0;0;0;0;0;0;0;1;1
"spe³niæ";0;0;1;1;0;0;0;0;0;0;0;0;0;0;0;0;0;0;0;0
"spêdzaæ";0;1;1;0;0;0;0;0;0;0;0;0;0;0;0;0;0;0;0;0
"spoczynek";1;1;0;0;0;0;0;0;0;0;0;0;0;0;0;0;0;0;0;0
"spo³ecznoœciowy";0;0;0;0;0;0;0;0;0;0;0;0;1;1;0;0;0;0;0;0
"spo³eczny";0;0;0;0;0;0;2;0;1;0;0;0;0;0;0;0;1;0;0;1
"sport";1;2;0;0;0;0;0;0;4;0;0;1;0;0;0;1;0;1;1;2
"sportowiec";0;1;0;0;0;0;0;0;0;0;0;0;0;0;0;0;0;1;0;0
"sportowy";1;2;0;1;0;0;0;0;1;2;0;0;0;0;0;0;0;0;1;1
"spory";0;0;0;2;0;0;0;0;0;0;0;0;0;1;0;0;0;0;0;0
"sposób";0;1;1;1;1;1;1;0;0;0;0;0;0;0;1;0;0;0;0;0
"spotkaæ";2;0;0;0;0;0;0;0;0;0;1;1;0;0;0;0;0;1;0;0
"spotkanie";0;0;0;0;0;0;0;0;0;1;1;0;0;0;0;1;0;0;0;0
"spowodowaæ";1;0;0;0;0;0;0;0;0;0;0;0;2;0;2;0;0;0;0;0
"sprawa";0;0;1;1;0;0;3;0;0;0;0;0;1;2;0;0;1;1;0;0
"sprawiæ";0;0;1;0;0;0;1;0;0;0;0;0;1;0;0;0;0;1;0;0
"sprzedaæ";0;0;0;0;0;0;0;0;0;0;0;0;1;0;0;2;0;0;0;0
"sprzêt";0;0;0;1;0;1;0;0;0;0;0;0;0;3;0;0;0;0;0;0
"stabilny";0;0;0;0;0;0;1;2;0;0;0;0;0;0;0;0;0;0;0;0
"staæ";0;1;0;0;1;2;1;0;1;0;2;0;2;0;0;0;0;0;1;0
"staje";0;0;0;1;0;0;3;0;0;0;0;0;0;0;0;0;0;0;0;0
"stal";0;0;0;0;0;0;0;1;0;0;0;0;1;0;0;0;1;0;1;0
"sta³a";1;0;0;0;1;1;1;0;1;0;0;0;0;0;0;0;0;0;0;0
"stan";2;0;1;0;1;0;0;0;0;0;0;0;2;1;0;1;0;0;0;3
"stanowiæ";0;0;2;0;0;0;1;3;2;1;2;0;0;0;0;1;0;0;0;0
"staraæ";1;0;0;0;0;0;0;0;0;0;0;1;0;0;0;0;0;0;1;0
"staro¿ytny";0;0;0;0;14;1;0;0;0;0;0;0;0;0;0;0;0;0;0;0
"startowaæ";0;0;1;2;0;0;0;0;0;0;0;0;0;0;0;0;0;0;0;0
"startowego";1;0;1;0;0;0;0;0;0;0;0;0;0;0;0;0;0;0;0;0
"startowy";4;1;1;0;0;0;0;0;0;0;0;0;0;0;0;0;0;0;0;0
"starty";0;0;2;2;0;0;0;0;0;0;0;0;0;0;0;0;0;0;0;0
"stary";0;0;0;0;0;0;0;0;0;0;1;0;0;0;0;0;0;0;2;0
"starym";0;0;0;0;0;0;0;0;0;0;0;0;0;0;0;0;0;0;1;1
"stawiaæ";1;1;0;0;0;0;0;0;0;0;0;0;0;1;0;0;0;0;0;0
"stopieñ";0;1;0;0;0;0;2;1;0;0;0;0;0;1;1;0;0;0;0;0
"stopniowy";0;1;1;1;1;0;0;0;0;0;0;0;0;0;0;0;0;0;0;0
"stosowaæ";3;1;0;0;0;1;0;0;1;0;0;0;0;0;1;0;0;0;0;0
"stosunkowy";1;0;0;0;0;0;0;0;0;0;0;0;0;1;0;0;0;0;0;0
"stó³";0;0;0;0;0;0;0;0;0;0;0;0;0;1;0;0;0;1;0;0
"straciæ";0;0;0;0;0;1;0;1;0;0;0;1;0;0;0;0;0;0;0;0
"strategia";0;0;0;1;0;0;0;0;1;0;0;0;0;0;0;0;3;0;1;0
"strategiczny";0;0;0;0;0;0;0;0;0;0;0;0;0;0;0;0;1;0;0;1
"strefa";0;1;0;2;0;0;0;0;0;0;0;0;0;0;0;0;0;0;0;0
"strona";0;0;0;0;0;0;4;0;1;2;0;0;0;0;1;0;0;2;3;0
"struktura";0;1;0;0;0;0;3;4;0;0;0;0;0;0;0;0;0;0;0;0
"strukturalny";0;1;0;0;0;0;0;3;0;0;0;0;0;0;0;0;0;0;0;0
"struna";0;0;0;0;6;2;0;0;0;0;0;0;0;0;0;0;0;0;0;0
"strzeliæ";0;0;0;0;0;0;0;0;0;0;3;1;0;0;0;0;0;0;0;0
"student";0;0;0;0;0;0;0;1;0;0;0;0;0;0;0;0;0;0;0;2
"studia";0;1;0;0;0;0;0;0;0;0;0;0;0;1;0;0;0;0;0;1
"stwierdziæ";0;0;0;0;0;0;0;1;0;0;0;0;0;0;0;0;1;0;0;0
"stworzenie";1;0;0;0;0;0;0;0;0;0;1;0;0;0;0;0;0;0;0;0
"stworzyæ";0;0;0;0;2;0;1;0;0;0;0;0;0;0;0;0;0;0;0;0
"styczeñ";0;0;3;0;0;0;0;0;0;0;0;0;1;0;0;0;0;0;0;0
"stylo";2;0;0;0;0;0;0;5;0;0;0;0;0;0;0;0;0;0;0;0
"subiektywny";0;2;0;0;0;0;1;0;0;0;0;0;0;0;0;0;0;0;0;0
"sukces";0;0;0;3;0;1;0;0;1;0;0;1;0;0;0;0;0;0;1;0
"suma";0;0;0;0;0;0;0;0;0;0;0;0;0;2;0;1;0;0;0;0
"swoich";1;0;2;2;0;0;0;0;1;0;0;1;0;0;0;0;1;0;0;1
"swoimi";0;0;0;0;0;0;0;0;1;0;0;0;0;0;0;0;0;1;0;0
"swoj¹";0;2;0;0;0;0;0;0;0;1;0;1;0;0;0;0;0;0;2;1
"swojego";0;1;0;0;0;0;0;0;0;0;1;0;0;0;0;0;0;0;0;0
"swojej";1;0;0;0;0;0;0;0;1;0;0;0;0;0;0;0;1;0;0;0
"swój";0;1;0;0;1;1;0;0;0;0;0;1;0;0;0;0;0;0;1;0
"symfonia";0;0;0;0;0;1;1;0;0;0;0;0;0;0;0;0;0;0;0;0
"synonim";0;0;0;0;0;1;1;0;1;0;0;0;0;0;0;0;0;0;0;0
"syntaktyczny";0;0;0;0;0;0;1;1;0;0;0;0;0;0;0;0;0;0;0;0
"system";0;3;0;0;0;2;0;2;0;0;0;0;0;0;0;0;0;0;0;0
"systematyczny";0;0;0;0;0;0;0;0;0;0;0;0;1;0;0;0;0;0;0;1
"sytuacja";1;1;0;0;0;1;0;0;0;2;0;0;12;0;0;0;1;0;0;0
"szachista";0;0;0;0;0;0;0;0;0;0;0;0;0;0;0;0;2;5;5;0
"szachowy";0;0;0;0;0;0;0;0;0;0;0;0;0;0;0;0;2;4;1;8
"szachy";0;0;0;0;0;0;0;0;0;0;0;0;0;0;0;0;18;15;24;28
"szacunek";0;0;0;0;0;1;0;0;1;0;0;0;0;0;0;0;0;0;0;0
"szansa";0;0;0;2;0;0;0;2;0;0;0;0;0;0;0;0;0;1;1;0
"szczególny";4;0;0;0;0;0;1;1;0;0;0;0;0;0;3;0;0;0;0;0
"szczêœcie";0;0;0;0;0;0;0;0;0;0;0;0;1;1;0;0;0;0;0;0
"szereg";1;0;0;0;1;0;0;0;0;1;0;0;0;1;0;0;0;0;0;0
"szeroki";0;1;0;0;0;0;1;1;0;0;0;0;0;0;0;0;0;0;0;2
"szerszy";0;0;0;0;0;0;0;2;0;0;0;0;0;0;0;0;0;0;0;1
"szkodliwy";0;1;0;0;0;0;0;0;0;0;0;0;0;0;2;0;0;0;0;0
"szko³a";0;0;0;0;3;1;3;0;0;0;0;1;0;0;0;0;1;0;0;4
"sztuka";0;0;0;0;0;1;2;0;0;0;0;0;1;0;0;0;0;0;0;1
"szukaæ";0;0;0;0;0;0;1;0;0;0;0;0;0;2;0;0;0;0;0;0
"szybki";0;0;0;2;0;0;0;0;1;0;0;0;0;0;2;1;0;1;0;0
"œcis³y";0;0;0;1;0;2;0;1;0;0;0;0;0;0;0;0;0;0;0;0
"œpiew";0;0;0;0;2;3;0;0;0;0;0;0;0;0;0;0;0;0;0;0
"œpiewaæ";0;0;0;0;2;1;0;0;0;0;0;0;0;0;0;0;0;0;0;0
"œrednia";0;0;0;1;0;0;0;0;0;0;0;1;0;0;0;0;0;0;0;0
"œredniowiecze";0;0;0;0;2;2;0;0;0;0;0;0;0;0;0;0;0;0;0;0
"œrodek";0;0;0;0;0;0;1;0;0;1;0;0;0;0;0;0;0;0;0;0
"œrodowisko";0;0;0;0;0;0;1;1;0;0;0;0;0;0;0;0;0;0;0;0
"œwiadomoœæ";0;0;0;0;0;0;2;0;0;0;0;0;0;0;0;0;0;0;0;1
"œwiat";0;0;0;0;0;0;1;0;0;0;0;0;0;1;0;0;0;1;0;0
"œwiata";0;0;0;0;0;0;0;0;1;0;6;0;0;0;0;0;0;2;0;0
"œwiatowy";0;0;0;0;0;1;0;0;0;0;2;0;0;0;0;0;0;0;0;0
"œwiecie";0;0;0;0;0;0;1;0;5;0;4;0;0;0;0;1;0;0;1;0
"œwiecki";0;0;0;0;1;1;0;0;0;0;0;0;0;0;0;0;0;0;0;0
"œwietny";0;1;0;0;0;0;0;0;0;0;0;0;0;0;0;0;0;1;0;0
"œwie¿y";0;0;0;0;0;0;0;0;0;0;0;0;1;1;0;0;0;0;0;0
"tabela";0;1;1;0;0;0;0;0;0;0;0;0;0;0;0;0;0;0;0;0
"taka";0;0;0;0;0;0;0;0;0;0;0;0;0;0;1;0;0;0;0;1
"taki";0;0;1;1;0;0;4;2;0;0;0;1;1;1;4;2;1;0;1;0
"takiego";0;1;0;0;0;0;1;2;0;0;0;0;0;0;0;0;0;0;0;0
"takt";0;0;0;0;0;1;0;0;0;1;0;0;0;0;0;0;0;0;0;0
"taktyka";0;0;0;2;0;0;0;0;1;0;0;0;0;0;0;0;0;0;0;0
"tamten";0;0;0;0;0;1;0;0;0;0;0;0;0;0;0;0;0;1;0;0
"taniec";0;0;0;0;1;1;0;0;0;0;0;0;0;0;0;0;0;0;0;0
"technika";0;0;1;1;0;0;0;0;0;0;0;0;0;0;0;0;0;0;0;0
"technologia";0;0;0;0;0;2;0;0;0;0;0;0;0;1;0;0;0;0;0;0
"tekst";0;0;0;0;1;0;5;0;0;0;0;0;1;0;0;0;0;0;0;0
"temat";0;0;0;0;0;0;0;2;0;0;0;0;0;3;0;3;2;0;0;1
"tematyczny";0;0;0;0;0;0;0;2;0;0;0;0;0;1;0;0;0;0;0;0
"tematyka";0;0;0;0;0;0;0;0;1;0;0;0;0;0;0;0;0;0;0;1
"tempo";0;1;0;1;0;0;0;0;0;0;0;0;0;1;0;0;0;0;0;0
"teoretyczny";0;0;0;0;1;0;0;2;0;0;0;0;0;0;0;0;0;0;0;0
"teoria";0;0;0;0;5;0;2;8;0;0;0;0;0;0;0;0;0;0;1;0
"testo";0;1;0;0;0;0;0;0;0;0;0;0;0;0;0;0;1;0;0;1
"têtno";0;7;0;1;0;0;0;0;0;0;0;0;0;0;0;1;0;0;0;0
"the";0;0;0;0;0;0;2;0;1;0;0;0;0;0;0;0;0;0;0;0
"tkanka";9;2;1;1;0;0;0;0;0;0;0;0;0;0;0;0;0;0;0;0
"tlen";2;11;0;2;0;0;0;0;0;0;0;0;0;0;0;0;0;0;0;0
"tlenowy";1;6;0;10;0;0;0;0;0;0;0;0;0;0;0;0;0;0;0;0
"t³umaczyæ";0;0;0;0;0;0;0;0;0;0;1;0;0;0;0;0;0;1;0;0
"t³uszcz";2;0;0;5;0;0;0;0;0;0;0;0;0;0;0;0;0;0;0;0
"t³uszczowy";9;1;0;1;0;0;0;0;0;0;0;0;0;0;0;0;0;0;0;0
"toczyæ";0;0;0;0;0;0;0;1;0;0;0;0;0;0;0;0;0;1;0;0
"tomasz";0;0;0;0;0;0;0;0;0;0;0;0;0;0;0;0;0;0;1;1
"towarzyszyæ";0;0;0;0;1;3;0;0;0;0;0;1;0;4;0;0;0;0;0;0
"to¿samy";0;1;0;0;0;0;0;1;0;0;0;0;0;0;0;0;0;0;0;0
"trafiæ";0;0;0;0;0;1;0;0;0;0;0;0;1;0;0;0;0;0;0;0
"trakt";0;0;2;1;0;0;0;1;0;1;2;0;0;0;0;0;1;0;0;0
"traktowaæ";0;0;0;0;2;0;1;3;0;0;0;0;0;0;0;0;0;0;0;0
"trasa";0;1;0;2;0;0;0;0;0;0;0;0;0;0;0;0;0;0;0;0
"trener";0;0;1;0;0;0;0;0;0;1;0;0;0;0;0;0;0;0;1;1
"trening";8;23;12;12;0;0;0;0;0;0;0;0;0;0;0;0;0;0;0;0
"treningowy";10;6;7;2;0;0;0;0;0;0;0;0;0;0;0;0;0;0;0;0
"trenowaæ";1;2;4;3;0;0;0;0;0;0;0;1;0;0;0;0;1;0;0;0
"trochê";0;0;0;1;0;0;0;0;0;0;0;0;0;1;0;0;0;0;0;0
"trudno";0;0;1;0;0;0;0;0;0;0;0;0;0;0;0;0;0;1;0;0
"trudnoœæ";0;1;0;0;0;0;1;0;0;0;0;0;1;0;0;0;0;0;0;0
"trudny";1;0;0;0;0;0;0;0;0;0;0;0;2;0;0;0;0;0;0;0
"trwaæ";0;5;0;1;0;0;0;1;0;0;1;0;0;1;0;1;0;1;0;0
"trzech";0;1;1;0;1;0;0;0;0;0;0;0;0;0;0;0;0;0;0;0
"trzeci";0;0;1;0;0;0;0;0;0;0;0;1;0;0;0;1;0;0;0;0
"trzy";0;2;1;0;1;0;0;0;0;1;0;1;1;0;0;0;0;1;0;0
"trzymaæ";0;0;0;1;0;0;0;1;1;0;0;0;0;0;1;1;0;0;0;0
"turniej";0;0;0;0;0;0;0;0;0;0;5;7;0;0;0;0;0;2;1;1
"tutaj";0;0;1;1;0;0;0;1;0;0;0;0;0;0;0;2;0;2;0;0
"twierdziæ";0;1;0;0;0;0;2;0;0;0;0;0;1;0;0;0;2;0;0;1
"twoich";0;0;2;0;0;0;0;0;0;0;0;0;0;1;0;0;0;0;0;0
"tworzyæ";0;0;0;0;0;0;0;2;0;1;0;1;0;0;0;0;0;0;2;0
"twórczoœæ";0;0;0;0;0;1;0;0;0;0;0;0;0;0;0;0;0;0;1;1
"tygodnie";0;0;0;0;0;0;0;0;0;0;0;0;1;0;1;0;0;0;0;0
"tygodniu";1;1;1;2;0;0;0;0;0;0;0;0;0;1;0;0;1;0;0;0
"tyle";0;0;0;1;0;0;0;0;1;0;0;0;0;0;0;0;0;0;0;1
"typ";0;2;0;1;0;0;0;0;0;0;0;0;0;1;0;0;0;0;0;0
"typowy";0;0;0;0;1;0;0;4;0;0;0;0;0;0;0;0;0;0;0;0
"tysi¹c";0;0;0;0;0;1;0;0;0;0;0;0;1;0;0;0;0;2;0;0
"tytu³";0;0;0;0;0;2;1;0;0;0;2;0;0;1;0;0;0;0;0;0
"uczeñ";0;0;0;0;1;0;2;0;1;0;0;0;0;0;0;0;0;0;0;0
"uczestniczyæ";1;0;2;0;0;0;0;0;0;0;0;0;0;0;0;0;0;0;1;1
"uczestnik";0;0;0;0;0;0;0;0;0;0;0;0;0;0;0;0;1;2;0;0
"uczucie";0;1;0;0;0;1;0;0;0;0;0;0;0;0;0;0;0;0;0;0
"uczyæ";0;0;0;0;1;0;1;0;2;0;0;0;0;1;0;0;0;0;3;0
"uczyniæ";0;0;0;0;0;0;1;1;0;0;0;0;0;0;0;0;0;0;0;0
"udaæ";0;0;0;1;0;0;0;0;0;0;0;0;1;0;0;0;0;0;0;0
"uderzenie";0;1;0;0;0;0;0;0;0;0;1;0;0;0;0;0;0;0;0;0
"udzia³";3;2;1;0;0;0;0;0;1;0;1;1;0;0;0;0;0;1;0;1
"uk³ad";0;5;0;0;0;0;0;0;0;0;0;0;1;0;1;0;0;0;1;0
"ukrywaæ";0;0;0;0;0;0;0;0;0;0;0;0;1;0;0;0;0;2;0;0
"ulec";0;0;0;0;0;0;0;0;0;0;0;0;1;0;1;0;0;0;0;0
"ulegn¹æ";1;0;0;0;0;0;0;0;0;0;0;0;1;0;0;0;0;0;0;0
"ulubiæ";0;0;0;0;0;0;0;0;1;0;0;2;0;0;0;0;0;0;0;0
"u³atwiaæ";0;0;0;0;0;0;0;0;0;0;0;0;0;0;0;1;0;0;1;0
"umiejêtnoœæ";0;1;0;0;0;0;0;0;1;0;0;0;0;0;0;0;14;1;1;3
"umieœciæ";0;0;0;0;0;0;0;0;0;0;1;0;0;0;1;0;0;0;0;0
"unia";0;0;0;0;0;0;0;0;0;0;1;0;0;0;0;0;0;1;0;0
"uniwersytet";0;0;0;0;0;1;0;1;1;0;0;0;0;0;0;0;0;0;0;0
"uproszczenie";0;0;0;0;0;0;1;1;0;0;0;0;0;0;0;0;0;0;0;0
"ustaliæ";0;0;0;0;0;0;1;0;1;0;0;0;0;0;0;0;1;0;0;0
"ustanowiæ";0;0;0;0;0;0;0;0;0;1;0;0;0;0;0;0;0;0;0;1
"ustawa";0;0;0;0;0;0;0;0;1;0;0;0;0;0;0;0;0;0;0;2
"ustawiæ";0;0;0;1;0;0;0;0;0;2;0;0;0;0;0;0;0;1;0;0
"uszkodziæ";1;0;0;0;0;0;0;0;0;0;0;0;0;0;1;0;0;0;0;0
"utrata";0;2;0;0;0;0;0;0;0;0;0;0;0;0;1;0;0;0;0;0
"utrzymaæ";1;1;2;0;0;0;0;0;0;0;0;0;0;0;0;0;0;0;0;0
"utrzymywaæ";1;1;0;1;0;0;0;0;0;0;0;0;1;0;0;0;0;0;0;0
"utworzyæ";0;0;0;0;0;0;0;1;1;0;0;0;0;0;0;0;0;0;0;0
"utwór";0;0;0;0;1;9;0;3;0;0;0;0;0;0;0;0;0;0;0;0
"uwaga";11;0;1;0;0;0;3;1;0;0;0;0;0;0;0;0;1;0;1;0
"uwa¿aæ";0;0;0;1;0;5;4;0;0;0;0;0;0;0;0;0;1;0;0;0
"uwzglêdniaæ";0;0;0;1;0;0;0;0;0;0;0;1;0;0;0;0;0;0;0;0
"uwzglêdniæ";0;1;0;0;0;0;0;0;0;0;0;0;0;0;0;0;0;0;0;1
"uznaæ";1;0;0;0;0;2;0;0;0;0;0;0;0;0;0;0;0;0;0;0
"uzupe³nienie";0;0;0;0;0;0;0;1;0;0;0;0;0;0;1;1;0;0;0;0
"uzyskaæ";1;1;0;2;0;0;0;1;0;0;0;0;0;0;0;0;0;0;0;0
"u¿ytkownik";0;0;0;0;0;0;0;0;0;0;0;0;1;0;1;1;0;0;0;0
"u¿ywaæ";1;0;0;1;0;6;1;0;0;0;0;0;0;0;1;0;1;0;0;0
"vomax";0;15;0;1;0;0;0;0;0;0;0;0;0;0;0;0;0;0;0;0
"walczyæ";0;0;0;0;0;0;0;0;0;0;0;1;0;0;0;0;0;3;0;0
"walor";0;0;0;0;0;0;0;0;1;0;0;0;0;0;0;0;2;0;0;0
"wariant";1;0;0;0;0;0;0;0;0;0;0;0;0;0;0;0;0;0;2;0
"warto";2;1;7;4;0;1;1;0;0;0;1;1;0;0;1;0;1;0;0;3
"wartoœæ";2;1;0;0;0;0;2;1;0;0;0;0;0;0;0;0;0;0;0;0
"warunki";0;0;2;0;0;0;0;0;0;0;0;0;0;0;0;0;0;0;0;1
"was";0;0;0;0;0;0;0;0;0;0;0;1;0;0;0;1;0;0;0;0
"wa¿niejszy";0;0;0;0;0;0;1;2;0;0;0;0;0;0;0;0;0;0;0;0
"wa¿ny";1;4;0;2;1;0;0;0;0;0;0;1;0;0;1;0;0;0;1;2
"w¹tpliwy";0;1;0;0;0;0;1;0;0;0;0;0;0;0;0;0;0;0;0;0
"wcale";0;0;0;0;0;0;0;0;0;0;0;1;1;1;0;0;0;0;1;0
"wchodziæ";0;0;0;0;0;0;0;0;0;0;1;0;0;0;0;1;0;0;0;0
"wci¹¿";0;1;0;0;0;0;0;0;1;0;0;0;0;0;0;0;0;0;0;0
"wczesny";1;0;1;0;0;0;0;0;0;0;0;0;0;0;0;0;0;0;0;0
"wczeœniej";0;0;0;0;0;0;0;2;1;0;1;0;2;0;1;0;0;0;0;0
"wedle";0;0;0;0;0;1;2;0;0;0;0;0;0;0;0;0;0;0;0;0
"wed³ug";0;1;0;0;4;1;3;0;0;0;0;0;0;0;0;0;1;0;0;0
"wenezueli";0;0;0;0;0;0;0;0;0;0;0;0;0;0;0;0;1;0;0;1
"wersja";0;0;0;0;0;0;1;1;0;0;0;0;0;1;0;0;0;2;0;0
"wewnêtrzny";0;0;0;0;0;0;2;1;0;1;0;0;0;0;0;0;0;0;0;0
"wêglowodan";9;0;0;1;0;0;0;0;0;0;0;0;0;0;0;0;0;0;0;0
"wiadomo";0;0;0;0;0;1;0;0;0;0;0;0;0;0;0;0;1;0;0;0
"wi¹zaæ";0;0;0;2;1;0;0;0;0;0;0;0;0;0;0;0;0;0;0;0
"widowiskowy";0;0;0;0;0;0;0;0;1;0;0;0;0;0;0;0;0;1;0;0
"widzieæ";0;0;0;0;0;0;1;0;0;0;0;0;0;0;0;1;0;1;0;0
"wieczorny";1;0;0;0;0;1;0;0;0;0;0;0;0;0;0;0;0;0;0;0
"wiedza";1;0;0;0;1;0;1;0;1;0;0;0;0;0;0;0;0;0;0;1
"wiedzieæ";1;0;0;0;2;0;1;0;0;0;0;1;0;2;0;0;1;1;0;0
"wiek";0;2;0;0;0;1;1;0;0;0;0;0;0;0;0;0;0;0;1;1
"wieko";0;0;0;0;1;3;2;0;0;0;1;0;0;0;0;0;1;0;5;1
"wiele";2;1;0;0;0;0;1;0;1;0;2;0;4;1;0;1;1;0;0;2
"wielki";2;1;0;0;0;1;1;0;2;0;0;0;0;0;0;0;0;0;0;0
"wielkoœæ";2;0;0;0;0;0;0;0;1;0;0;0;0;0;0;0;0;0;0;0
"wielowymiarowoœæ";0;0;0;0;0;0;0;0;0;0;0;0;0;0;0;0;0;0;1;1
"wielu";0;1;0;3;0;1;0;1;3;0;1;0;2;1;1;0;1;0;4;0
"wierna";0;0;0;0;1;0;1;0;0;0;0;0;0;0;0;0;0;0;0;0
"wierny";0;0;0;0;0;1;0;0;0;0;0;1;0;0;0;0;0;0;0;0
"wiersza";0;0;0;0;1;1;0;0;0;0;0;0;0;0;0;0;0;0;0;0
"wierzyæ";0;0;0;0;0;0;1;0;0;0;0;0;0;0;0;0;0;0;0;1
"wiêcej";1;0;0;3;1;0;0;0;0;0;0;0;2;0;0;2;0;0;0;1
"wiêkszoœæ";0;0;0;3;0;1;0;0;0;0;0;0;1;1;0;1;0;0;0;1
"wiêkszy";2;0;0;3;0;0;1;0;0;1;0;0;0;2;1;0;5;0;0;0
"wiosna";1;0;1;0;0;0;0;0;0;0;0;0;0;0;0;0;0;0;0;0
"wizualizacja";0;0;0;1;0;0;0;0;0;0;0;0;0;0;0;0;0;0;0;1
"wizualny";0;0;0;0;0;0;1;0;0;0;0;0;0;0;0;1;0;0;0;0
"wkg";0;0;1;1;0;0;0;0;0;0;0;0;0;0;0;0;0;0;0;0
"w³asny";0;1;0;2;0;0;1;0;1;1;1;0;0;1;0;1;1;0;1;0
"w³aœciwoœæ";0;0;0;0;0;0;0;2;0;0;0;0;0;0;0;0;0;0;0;1
"w³aœciwy";0;0;0;0;0;0;2;2;0;0;0;0;0;1;0;0;0;0;0;0
"w³¹cznie";0;0;1;0;0;0;0;0;0;0;0;0;0;0;0;0;0;1;0;0
"w³oski";0;0;0;0;0;1;0;0;0;0;1;0;0;0;0;0;0;0;0;0
"wnêtrze";0;0;0;0;0;0;0;0;0;1;0;0;0;0;1;1;0;0;0;0
"wniosek";0;0;0;0;0;0;0;1;0;0;0;0;0;1;0;0;1;0;0;0
"woda";1;0;0;1;0;0;0;0;0;0;0;0;0;0;1;0;0;0;0;0
"wodny";0;0;0;0;1;0;0;0;0;0;0;0;0;0;1;0;0;0;0;0
"wokó³";0;0;0;0;0;0;2;0;0;0;0;1;0;0;0;1;0;0;0;0
"wolny";0;0;1;0;0;0;0;0;0;2;0;0;0;0;0;0;0;0;0;0
"world";0;0;0;0;0;0;0;0;0;0;1;0;0;1;0;0;0;0;0;0
"wówczas";0;0;2;1;1;2;1;2;0;0;0;0;0;0;0;0;1;0;0;0
"wp³yn¹æ";1;1;0;0;0;0;0;0;0;0;0;0;2;0;0;0;0;0;0;0
"wp³yw";0;2;0;0;0;1;0;1;0;1;0;0;2;1;2;0;2;0;1;2
"wp³ywaæ";0;0;0;0;0;0;0;1;1;0;0;0;0;0;0;0;1;0;0;0
"wprost";0;0;0;1;0;0;0;0;0;0;0;0;1;0;0;1;0;0;0;0
"wprowadziæ";1;0;1;0;0;0;0;0;0;0;0;0;0;0;0;0;0;0;0;1
"wraz";2;1;1;0;1;2;0;0;0;0;2;0;0;0;0;0;0;0;0;0
"wra¿enie";0;0;0;0;0;0;1;0;0;0;0;2;0;1;0;0;0;0;0;0
"wrêcz";0;0;0;0;0;0;0;0;1;0;0;0;2;0;1;0;0;0;0;0
"wróciæ";0;0;0;1;0;0;0;0;0;1;0;0;4;1;0;0;0;1;0;0
"wskazywaæ";0;0;0;0;1;0;0;2;1;0;0;0;0;0;0;0;0;0;0;0
"wskaŸnik";0;4;0;1;0;0;0;0;0;0;0;0;0;0;0;0;0;0;0;0
"wspania³y";0;0;0;0;0;0;0;0;0;0;1;0;0;0;0;0;1;0;0;1
"wspieraæ";0;0;0;0;0;0;0;1;0;0;0;1;0;0;0;0;0;0;0;0
"wspomnieæ";0;1;0;0;1;0;0;0;0;0;2;0;0;0;0;0;0;0;0;0
"wspomóc";0;0;0;0;0;0;0;0;0;0;0;0;0;0;1;0;0;0;0;1
"wspólny";1;0;0;0;0;0;1;1;0;0;0;0;0;1;0;0;0;0;0;0
"wspó³czesny";0;0;0;0;1;3;0;0;0;0;0;0;0;0;0;0;2;0;0;0
"wspó³dzia³aæ";0;2;0;0;0;0;0;1;0;0;0;0;0;0;0;0;0;0;0;0
"wspó³pracowaæ";1;0;1;0;0;0;0;0;0;0;0;0;0;0;0;0;0;0;0;0
"wszyscy";0;0;0;0;0;0;0;0;0;0;0;0;2;1;0;0;0;0;0;2
"wszystkich";1;0;0;0;0;1;0;3;0;0;0;0;2;0;0;1;0;0;0;2
"wszystkie";0;0;0;0;0;0;0;0;0;0;0;0;1;1;0;0;0;0;0;0
"wszystkim";1;0;0;2;0;0;0;1;0;0;0;1;1;0;1;1;0;0;0;2
"wtedy";0;1;0;0;0;2;2;0;1;0;0;0;2;0;3;0;0;0;0;0
"wybieraæ";1;0;1;0;0;0;0;0;0;0;0;1;0;0;0;0;0;0;0;0
"wybitny";0;0;0;0;0;0;0;0;1;0;1;0;0;0;0;0;0;0;0;0
"wybraæ";0;0;1;0;0;0;0;1;0;0;2;1;1;0;0;0;0;0;1;1
"wychodziæ";0;0;0;0;0;0;2;0;0;0;0;0;0;0;0;0;0;1;0;0
"wydajny";0;1;0;0;0;0;0;0;0;0;0;0;1;0;0;0;0;0;0;0
"wydawaæ";0;0;0;0;0;3;1;3;0;0;0;0;0;2;0;0;0;0;0;0
"wydolnoœciowy";0;1;2;2;0;0;0;0;0;0;0;0;0;0;0;0;0;0;0;0
"wydolnoœæ";1;5;0;6;0;0;0;0;0;0;0;0;0;0;0;0;0;0;0;0
"wygl¹daæ";0;0;0;0;0;0;0;0;0;0;0;0;2;1;0;2;0;0;0;0
"wygraæ";0;0;0;0;0;0;0;0;0;0;1;0;0;0;0;0;0;0;1;0
"wyj¹tek";0;0;0;0;0;0;1;0;0;0;0;0;0;1;0;0;1;0;0;0
"wyje¿d¿aæ";0;0;1;0;0;0;0;0;0;0;0;0;1;0;0;0;0;0;0;0
"wyjœcie";0;0;1;0;0;0;1;1;0;1;0;0;0;0;0;0;0;0;0;0
"wykazaæ";0;0;0;0;0;0;1;0;0;0;0;0;0;0;0;0;0;0;0;1
"wykazywaæ";0;0;0;0;0;0;0;1;0;0;0;0;0;0;0;0;0;0;0;1
"wykonaæ";0;0;0;0;0;1;0;0;1;0;0;0;0;1;1;0;0;0;0;0
"wykonywaæ";4;2;1;1;4;0;0;0;0;1;0;0;0;0;0;0;1;1;0;0
"wykorzystaæ";1;0;3;0;0;0;0;0;0;0;0;0;0;0;1;0;0;0;1;0
"wykorzystywaæ";0;1;0;0;2;0;0;0;1;0;0;0;1;0;0;0;2;0;0;0
"wy³¹czny";0;0;2;0;1;0;2;1;0;0;0;0;0;0;0;0;0;0;0;0
"wymagaæ";1;3;0;3;0;0;1;0;0;0;0;0;0;1;0;0;1;0;1;0
"wymiar";0;0;0;0;0;0;1;0;0;3;0;0;0;0;0;0;1;0;0;0
"wymieniaæ";0;0;0;0;0;2;0;0;0;0;0;0;0;0;0;2;0;0;0;0
"wymieniæ";1;2;0;0;1;0;0;0;0;0;1;0;0;0;0;0;1;0;0;1
"wymuszaæ";1;0;0;0;0;0;0;0;0;1;0;0;0;0;0;0;0;0;0;0
"wynalazca";0;0;0;0;0;1;0;0;0;0;0;0;0;0;0;0;0;0;1;0
"wynik";1;1;1;0;0;0;0;1;0;0;0;0;1;0;1;0;2;0;0;1
"wynikaæ";0;1;0;1;0;0;0;0;0;0;0;0;2;0;0;0;2;0;0;0
"wynosiæ";1;0;0;0;0;0;0;0;0;2;0;0;0;0;0;0;0;0;0;0
"wyobraziæ";0;0;0;1;0;0;1;1;0;0;0;0;0;1;0;0;0;0;0;0
"wyobraŸnia";0;0;0;0;0;0;0;1;1;0;0;0;0;0;0;0;1;0;2;0
"wypadek";0;0;0;0;0;0;0;1;0;0;0;0;0;0;0;0;0;0;0;1
"wyposa¿yæ";0;0;0;0;0;0;0;0;0;0;0;0;1;0;0;1;0;0;0;0
"wyra¿aæ";0;0;0;0;0;2;2;0;0;0;0;0;0;0;0;0;0;0;0;1
"wysi³ek";6;27;0;5;0;0;0;0;0;0;0;0;0;0;0;0;0;0;0;0
"wysi³kowy";2;0;0;1;0;0;0;0;0;0;0;0;0;0;0;0;0;0;0;0
"wysoki";3;1;0;4;0;0;0;0;0;0;0;0;2;0;5;0;0;0;2;0
"wysoko";1;0;0;0;0;0;0;0;0;0;0;1;0;0;0;0;0;0;0;0
"wysokoœæ";0;0;0;0;0;0;0;3;0;1;0;0;0;0;0;0;0;0;0;0
"wyspa";0;0;0;0;1;0;0;0;1;0;0;0;0;0;0;0;0;0;0;0
"wystarczyæ";0;1;0;2;0;0;0;0;0;0;0;0;1;1;0;0;0;0;0;1
"wyst¹piæ";0;0;0;0;0;1;1;0;0;0;0;0;0;0;0;0;0;0;0;0
"wystêpowaæ";2;0;0;0;1;0;0;1;0;0;5;0;1;0;0;0;0;0;0;0
"wyœcig";0;0;1;5;0;0;0;0;0;0;0;0;1;0;0;0;0;0;0;0
"wytrzyma³oœciowy";2;0;0;1;0;0;0;0;0;0;0;0;0;0;0;0;0;0;0;0
"wytrzyma³oœæ";0;1;0;1;0;0;0;0;0;0;0;0;0;0;0;0;0;0;0;0
"wywo³aæ";0;1;0;0;0;0;0;1;0;0;0;0;0;0;0;0;0;0;0;0
"wywo³ywaæ";0;0;0;0;0;0;0;1;0;0;0;1;0;1;0;0;0;0;0;0
"wyzwanie";0;1;0;1;0;0;0;0;0;0;0;0;0;0;0;0;0;0;0;0
"wy¿ej";1;2;0;0;0;0;0;0;0;0;0;0;0;0;0;0;0;0;0;0
"wy¿szy";0;0;0;0;0;0;0;0;0;0;0;0;2;0;0;1;0;0;0;0
"wzajemny";0;1;0;0;0;1;2;1;0;0;0;0;0;0;0;0;0;0;0;0
"wzgl¹d";2;0;0;1;0;0;0;0;0;0;0;0;0;0;0;0;1;1;1;1
"wzglêdem";0;0;0;1;0;0;0;1;0;0;0;0;0;0;0;0;0;0;0;0
"wzi¹æ";0;0;1;0;0;0;0;0;1;0;1;1;0;0;0;0;0;1;0;0
"wzorzec";0;0;0;0;0;0;0;0;0;0;0;0;0;0;0;0;0;0;1;1
"wzór";0;1;0;0;0;0;0;0;1;0;0;0;0;0;0;0;0;0;0;0
"wzrastaæ";0;1;0;1;0;0;0;0;0;0;0;0;0;0;0;0;0;0;1;0
"wzros³a";0;0;0;0;0;0;0;0;0;0;0;0;2;0;0;1;0;0;0;0
"wzrost";1;11;0;0;0;0;0;0;0;0;0;0;0;0;0;0;3;0;0;0
"you";0;0;0;0;0;3;0;0;0;0;0;0;0;0;0;0;0;0;0;1
"zaanga¿owaæ";0;1;0;0;0;0;0;0;0;0;0;2;0;1;0;0;1;0;0;0
"zaawansowany";0;1;2;0;0;0;0;0;0;0;0;0;0;0;0;0;0;0;0;0
"zabezpieczyæ";0;0;0;1;0;0;0;0;0;0;0;0;0;0;2;0;0;0;0;0
"zachêcaæ";0;0;0;0;0;0;0;0;0;0;0;0;1;0;0;0;0;0;1;0
"zachowaæ";0;0;0;0;7;1;1;0;0;0;0;0;0;0;0;0;0;0;1;0
"zachowanie";0;0;0;0;0;0;0;0;0;2;0;0;0;0;0;0;0;0;0;1
"zacz¹æ";0;0;0;1;0;4;0;2;0;0;0;2;1;2;0;0;0;0;0;0
"zaczynaæ";0;1;0;0;0;0;0;0;0;0;0;0;0;1;0;0;0;0;1;0
"zadaæ";0;2;0;1;0;0;0;0;0;0;0;0;0;0;0;0;0;0;0;0
"zadanie";1;0;0;0;0;0;0;1;0;0;0;0;0;0;0;0;1;0;0;0
"zadebiutowaæ";0;0;0;0;0;1;0;0;0;0;1;0;0;0;0;0;0;0;0;0
"zagadnienie";0;0;0;0;0;0;3;0;0;0;0;0;0;0;0;0;0;0;0;1
"zagranie";0;0;0;0;0;0;0;0;0;2;1;0;0;0;0;0;0;0;0;0
"zainteresowaæ";0;1;0;0;0;0;0;0;0;0;0;0;0;0;0;1;0;0;0;0
"zainteresowanie";0;0;1;0;0;0;0;0;0;0;0;0;1;0;0;0;0;0;0;0
"zajêcie";0;0;0;0;0;0;0;0;0;0;0;0;0;0;0;0;1;0;0;1
"zajmowaæ";0;2;0;0;1;1;0;1;0;0;0;0;0;0;0;0;0;0;2;0
"zak³adaæ";0;0;1;0;0;0;1;0;0;0;0;0;0;0;0;0;0;0;0;0
"zakochaæ";0;0;0;0;1;0;0;0;0;0;0;0;0;0;0;1;0;0;0;0
"zakoñczyæ";1;0;0;1;0;0;0;0;1;0;2;1;0;0;0;0;0;0;0;0
"zakres";0;5;0;3;0;0;0;1;0;0;0;0;0;0;0;0;1;0;0;0
"zalecaæ";7;0;1;0;0;0;0;0;0;0;0;0;0;0;0;0;0;0;0;0
"zaledwie";0;4;0;0;0;0;0;0;0;0;1;0;0;0;0;1;0;0;0;0
"zale¿eæ";1;0;3;1;0;0;0;0;0;0;0;0;0;1;0;0;0;0;0;0
"zale¿noœæ";2;1;1;0;0;0;1;1;0;0;1;0;0;0;0;0;1;0;0;1
"zale¿ny";2;2;0;0;0;0;0;1;0;0;0;0;0;0;0;0;0;0;0;1
"za³o¿enie";1;1;2;0;0;0;0;1;0;0;0;0;0;0;0;0;0;0;0;0
"za³o¿yæ";0;0;0;1;0;0;1;0;0;0;0;0;0;0;0;0;0;0;0;0
"zamiast";0;0;1;0;0;1;1;1;0;0;0;0;0;1;1;0;0;0;0;0
"zamkn¹æ";0;0;0;0;0;0;0;0;0;0;0;0;1;1;0;0;0;0;0;0
"zamówiæ";0;0;0;0;0;0;0;0;0;0;0;0;3;0;0;1;0;0;0;0
"zanim";0;0;0;0;0;0;0;0;0;0;0;0;1;0;0;0;0;0;1;0
"zapewniaæ";0;3;0;0;0;0;0;0;0;0;0;0;1;0;0;0;0;0;0;0
"zapis";0;0;0;0;1;2;0;0;0;0;0;0;0;0;0;0;0;0;0;0
"zapisywaæ";0;0;0;0;1;1;0;0;0;0;0;0;0;0;0;0;0;0;0;0
"zaprezentowaæ";0;0;0;0;0;1;0;1;0;0;0;0;0;0;0;1;0;0;0;0
"zaprzestaæ";1;2;0;0;0;0;0;0;0;0;0;0;0;0;1;0;0;0;0;0
"zapytaæ";0;0;0;0;0;0;3;0;0;0;0;0;2;0;0;0;0;0;0;0
"zarazem";0;0;0;0;0;0;0;1;0;0;0;0;1;0;0;0;0;0;0;0
"zarówno";3;0;3;1;0;0;1;0;2;0;0;0;0;0;0;0;0;0;0;0
"zasada";2;2;1;1;0;0;2;1;3;2;1;0;0;1;0;0;1;0;0;1
"zasilaæ";0;3;0;0;0;0;0;0;0;0;0;0;0;0;1;0;0;0;0;0
"zaskoczyæ";0;0;0;0;0;1;0;0;0;0;0;0;0;1;0;0;0;0;0;0
"zas³uga";0;0;0;0;1;0;0;0;0;0;0;1;0;0;0;0;0;0;0;0
"zasób";1;1;0;0;0;0;0;0;0;0;0;0;0;0;0;0;0;0;0;0
"zastanowiæ";0;0;3;0;0;1;0;0;0;0;0;0;0;0;1;0;0;0;0;0
"zast¹piæ";0;0;0;0;0;0;1;0;0;0;0;0;0;2;0;0;0;0;0;0
"zastosowanie";1;0;0;0;0;0;0;0;0;0;0;0;0;0;0;0;0;0;2;0
"zatem";0;0;0;0;0;0;0;2;1;0;0;0;0;0;0;0;0;0;0;0
"zauwa¿yæ";0;0;0;0;0;0;0;0;0;0;0;0;1;0;0;0;1;0;0;0
"zawartoœæ";2;0;0;0;0;0;0;1;0;0;0;0;0;1;0;0;0;0;0;0
"zawdziêczaæ";0;0;0;0;1;0;0;0;0;0;0;1;0;0;0;0;0;0;0;0
"zawieraæ";2;0;0;0;0;0;1;0;0;0;0;0;0;0;0;0;0;0;0;0
"zawodnik";12;0;0;0;0;0;0;0;2;11;7;3;0;0;0;0;0;3;1;0
"zawody";0;0;0;4;0;0;0;0;1;2;0;0;0;0;0;0;0;1;0;0
"zawsze";0;2;0;0;0;0;2;2;0;0;2;1;0;0;0;1;0;1;0;0
"zbêdny";4;1;0;2;0;0;0;0;0;0;0;0;0;0;0;0;1;0;2;0
"zbyt";4;1;4;1;0;0;1;0;0;0;0;0;0;1;2;0;0;0;0;1
"zdanie";0;0;1;1;0;1;0;0;0;0;0;0;1;0;0;0;0;0;0;0
"zdarzaæ";1;0;1;0;0;1;0;1;0;0;0;0;0;0;0;0;0;0;0;2
"zdarzenie";0;0;0;0;0;0;0;8;0;0;0;0;0;0;0;0;1;0;0;0
"zdawaæ";0;0;1;0;0;0;1;0;0;0;0;0;0;0;0;0;0;1;0;0
"zdecydowany";2;1;1;0;0;0;0;0;0;0;0;1;0;0;0;1;0;0;0;0
"zdjêcie";0;0;0;0;0;0;0;0;0;0;0;0;1;0;0;1;0;0;0;0
"zdobyæ";0;0;0;0;0;0;0;0;0;0;3;0;0;0;0;0;0;2;0;0
"zdolnoœæ";1;3;0;2;0;0;1;0;0;0;0;0;1;0;0;0;14;0;1;1
"zdrowie";1;0;0;3;0;0;0;0;0;0;0;0;0;0;0;0;0;0;0;0
"zdrowy";0;0;1;0;0;0;0;0;0;0;0;1;0;0;0;0;0;0;0;0
"zebraæ";0;0;1;0;0;1;0;0;0;0;0;0;0;0;0;0;0;0;0;0
"zejœcie";0;0;0;0;0;0;0;0;1;1;0;0;0;0;0;0;0;0;0;0
"zespó³";0;0;0;0;0;1;0;0;1;1;2;1;0;0;0;0;0;0;0;0
"zestawienie";0;0;1;0;1;0;0;0;0;0;0;0;0;0;0;0;0;0;0;0
"zewnêtrzny";0;0;0;0;0;0;2;2;0;0;0;0;0;0;1;0;0;0;0;0
"zgodny";1;1;0;0;0;2;0;1;0;0;0;0;0;1;0;0;1;0;0;0
"zgodziæ";0;0;0;0;0;0;1;0;0;0;0;0;0;0;0;0;0;0;0;1
"zidane";0;0;0;0;0;0;0;0;1;0;2;0;0;0;0;0;0;0;0;0
"zima";0;0;2;0;0;0;0;0;0;0;0;0;0;1;0;0;0;0;0;0
"zimny";0;0;0;0;0;0;0;0;0;0;0;0;0;0;1;0;0;0;1;0
"zjawisko";2;1;0;0;1;0;3;1;0;0;0;0;0;1;0;0;0;0;0;0
"zjednoczyæ";0;0;0;0;0;0;0;0;0;0;0;0;0;0;0;1;0;0;0;2
"z³ego";0;0;0;0;0;0;0;0;1;0;0;0;0;0;1;0;0;0;0;0
"z³ote";0;0;0;0;0;0;0;0;0;0;0;1;0;0;0;1;0;0;0;0
"z³oto";0;0;0;0;0;0;1;0;0;0;0;0;0;0;0;1;0;0;0;0
"z³o¿ony";0;0;0;0;0;0;0;1;0;0;0;0;0;0;0;0;0;0;0;1
"zmagaæ";0;0;0;3;0;0;0;0;0;0;0;0;0;0;0;0;0;1;0;0
"zmêczyæ";0;1;0;4;0;0;0;0;0;0;0;0;0;0;0;0;0;0;0;0
"zmiana";0;4;0;1;0;0;0;2;0;1;0;0;0;0;1;3;0;0;0;0
"zmieniaæ";1;0;0;0;0;1;0;0;0;0;0;0;1;0;0;0;0;0;0;0
"zmierzyæ";0;0;0;0;0;0;0;0;0;0;0;0;0;0;0;0;1;0;0;1
"zmniejszaæ";1;3;0;0;0;0;0;0;0;0;0;0;0;0;0;0;0;0;0;0
"zmniejszyæ";4;0;0;1;0;0;0;0;0;0;0;0;0;0;0;0;0;0;0;0
"zmuszaæ";0;0;0;0;0;0;0;0;0;1;0;0;0;0;0;0;0;0;1;0
"znacz¹cy";1;0;0;2;0;0;0;0;0;0;0;0;0;0;0;0;1;0;0;1
"znaczenie";0;0;0;2;0;0;4;2;2;0;0;0;0;0;0;0;1;0;0;1
"znaczny";3;4;0;0;0;1;1;1;0;0;0;0;0;0;0;0;4;0;0;1
"znaczyæ";0;0;0;0;0;0;2;0;0;0;0;0;0;1;0;0;0;0;1;0
"znaæ";0;0;0;0;1;0;0;0;2;0;0;0;0;0;1;1;0;0;0;0
"znajdywaæ";1;0;0;1;0;0;3;2;0;1;0;0;0;0;0;0;0;0;1;0
"znajomoœæ";0;1;0;0;0;0;0;0;0;0;0;0;0;0;0;0;0;0;0;1
"znak";0;0;0;0;0;0;21;0;0;0;0;0;0;0;1;0;0;0;0;0
"znaleŸæ";1;0;1;1;0;0;3;0;0;0;0;0;0;1;0;1;0;0;0;0
"znany";0;0;0;0;1;0;0;0;1;0;3;0;0;0;0;1;0;2;1;0
"zobaczyæ";0;0;0;1;0;0;0;1;0;0;0;1;0;1;0;1;0;0;0;0
"zorganizowaæ";0;0;2;0;0;0;0;1;0;0;0;0;0;0;0;0;0;1;0;0
"zostaæ";1;1;0;0;1;1;1;1;4;3;1;0;2;0;1;2;0;0;1;1
"zreszt¹";0;0;0;0;0;0;1;0;1;0;0;0;0;0;0;0;0;0;0;0
"zrobiæ";0;0;1;1;0;2;0;0;0;0;0;1;0;0;0;0;0;0;0;0
"zrozumieæ";0;0;0;0;0;0;0;2;0;0;0;0;0;0;0;0;1;0;1;0
"zupe³ny";0;0;0;0;0;0;0;0;0;0;0;1;0;2;2;2;0;0;0;0
"zwaæ";0;0;0;0;0;0;0;0;1;0;4;0;0;0;0;0;0;0;0;0
"zwi¹zaæ";2;1;0;0;3;1;1;0;0;0;0;0;0;0;0;0;1;2;0;2
"zwi¹zek";0;0;0;0;0;0;0;0;1;0;2;0;0;0;0;0;0;0;0;0
"zwierzê";0;0;0;0;0;2;0;0;0;0;0;0;0;0;1;0;0;0;0;0
"zwierzêcy";0;0;0;0;0;1;0;0;1;0;0;0;0;0;0;0;0;0;0;0
"zwiêkszaæ";2;5;1;2;0;0;0;0;0;0;0;0;1;0;0;0;1;0;0;0
"zwiêkszyæ";2;2;0;0;0;0;0;0;0;0;0;0;1;0;0;0;0;0;0;0
"zw³aszcza";2;0;0;0;0;1;0;0;0;0;0;0;0;0;0;0;1;0;0;0
"zwracaæ";2;0;0;0;0;0;0;0;0;0;1;0;0;0;0;0;0;0;0;0
"zwracaj¹c";2;0;0;0;0;0;1;0;0;0;0;0;0;0;0;0;0;0;0;0
"zwrot";0;0;0;0;1;0;0;0;0;0;0;0;1;0;0;0;0;0;0;0
"zwróciæ";4;0;1;0;0;0;0;1;0;0;0;0;0;0;0;0;0;0;0;0
"zwyciêstwo";0;0;0;0;0;0;0;0;0;0;1;2;0;0;0;0;0;0;0;0
"zwyciêzca";1;0;0;0;0;0;0;0;0;0;5;0;0;0;0;0;0;0;2;0
"zwyciê¿yæ";0;0;0;0;0;0;0;0;1;0;0;1;0;0;0;0;0;0;0;0
"zwyczaj";0;0;0;0;0;1;1;0;0;0;0;0;0;0;0;0;0;0;0;0
"zwyk³y";1;2;1;2;0;0;0;2;1;0;0;2;0;0;0;0;0;0;1;0
"zyskiwaæ";0;0;0;0;0;0;0;1;0;0;0;1;0;0;0;0;0;0;0;0
"Ÿród³o";2;2;0;2;1;0;1;1;0;0;0;0;0;2;0;0;0;0;0;0
"¿aden";0;0;1;1;0;0;1;0;0;0;0;0;0;0;0;0;0;0;0;0
"¿ona";0;0;0;0;0;1;0;0;0;0;0;0;0;1;0;0;0;0;0;0
"¿ycie";2;0;0;0;2;0;0;0;0;0;0;2;0;0;0;0;2;0;2;1
"¿yæ";0;0;0;0;1;0;0;0;0;0;1;0;0;0;0;0;0;2;0;0
"¿ywieniowy";3;0;0;1;0;0;0;0;0;0;0;0;0;0;0;0;0;0;0;0
"¿ywnoœæ";2;0;0;1;0;0;0;0;0;0;0;0;0;0;0;0;0;0;0;0
